group,metric,cycle,mean_payoff,std_payoff,n_runs
inflator,binary,1,0.000000,0.000000,200
inflator,binary,2,0.000000,0.000000,200
inflator,binary,3,0.000000,0.000000,200
inflator,binary,4,0.000000,0.000000,200
inflator,binary,5,0.000000,0.000000,200
inflator,binary,6,-2.500000,0.000000,200
inflator,binary,7,-2.500000,0.000000,200
inflator,binary,8,-2.500000,0.000000,200
inflator,binary,9,-2.500000,0.000000,200
inflator,binary,10,-2.500000,0.000000,200
inflator,binary,11,-2.500000,0.000000,200
inflator,binary,12,-2.500000,0.000000,200
inflator,binary,13,-2.500000,0.000000,200
inflator,binary,14,-2.500000,0.000000,200
inflator,binary,15,-2.500000,0.000000,200
inflator,binary,16,-2.500000,0.000000,200
inflator,binary,17,-2.500000,0.000000,200
inflator,binary,18,-2.500000,0.000000,200
inflator,binary,19,-2.500000,0.000000,200
inflator,binary,20,-2.500000,0.000000,200
inflator,binary,21,-2.500000,0.000000,200
inflator,binary,22,-2.500000,0.000000,200
inflator,binary,23,-2.500000,0.000000,200
inflator,binary,24,-2.500000,0.000000,200
inflator,binary,25,-2.500000,0.000000,200
inflator,binary,26,-2.500000,0.000000,200
inflator,binary,27,-2.500000,0.000000,200
inflator,binary,28,-2.500000,0.000000,200
inflator,binary,29,-2.500000,0.000000,200
inflator,binary,30,-2.500000,0.000000,200
inflator,binary,31,-2.500000,0.000000,200
inflator,binary,32,-2.500000,0.000000,200
inflator,binary,33,-2.500000,0.000000,200
inflator,binary,34,-2.500000,0.000000,200
inflator,binary,35,-2.500000,0.000000,200
inflator,binary,36,-2.500000,0.000000,200
inflator,binary,37,-2.500000,0.000000,200
inflator,binary,38,-2.500000,0.000000,200
inflator,binary,39,-2.500000,0.000000,200
inflator,binary,40,-2.500000,0.000000,200
inflator,binary,41,-2.500000,0.000000,200
inflator,binary,42,-2.500000,0.000000,200
inflator,binary,43,-2.500000,0.000000,200
inflator,binary,44,-2.500000,0.000000,200
inflator,binary,45,-2.500000,0.000000,200
inflator,binary,46,-2.500000,0.000000,200
inflator,binary,47,-2.500000,0.000000,200
inflator,binary,48,-2.500000,0.000000,200
inflator,binary,49,-2.500000,0.000000,200
inflator,binary,50,-2.500000,0.000000,200
inflator,binary,51,-2.500000,0.000000,200
inflator,binary,52,-2.500000,0.000000,200
inflator,binary,53,-2.500000,0.000000,200
inflator,binary,54,-2.500000,0.000000,200
inflator,binary,55,-2.500000,0.000000,200
inflator,binary,56,-2.500000,0.000000,200
inflator,binary,57,-2.500000,0.000000,200
inflator,binary,58,-2.500000,0.000000,200
inflator,binary,59,-2.500000,0.000000,200
inflator,binary,60,-2.500000,0.000000,200
inflator,binary,61,-2.500000,0.000000,200
inflator,binary,62,-2.500000,0.000000,200
inflator,binary,63,-2.500000,0.000000,200
inflator,binary,64,-2.500000,0.000000,200
inflator,binary,65,-2.500000,0.000000,200
inflator,binary,66,-2.500000,0.000000,200
inflator,binary,67,-2.500000,0.000000,200
inflator,binary,68,-2.500000,0.000000,200
inflator,binary,69,-2.500000,0.000000,200
inflator,binary,70,-2.500000,0.000000,200
inflator,binary,71,-2.500000,0.000000,200
inflator,binary,72,-2.500000,0.000000,200
inflator,binary,73,-2.500000,0.000000,200
inflator,binary,74,-2.500000,0.000000,200
inflator,binary,75,-2.500000,0.000000,200
inflator,binary,76,-2.500000,0.000000,200
inflator,binary,77,-2.500000,0.000000,200
inflator,binary,78,-2.500000,0.000000,200
inflator,binary,79,-2.500000,0.000000,200
inflator,binary,80,-2.500000,0.000000,200
inflator,binary,81,-2.500000,0.000000,200
inflator,binary,82,-2.500000,0.000000,200
inflator,binary,83,-2.500000,0.000000,200
inflator,binary,84,-2.500000,0.000000,200
inflator,binary,85,-2.500000,0.000000,200
inflator,binary,86,-2.500000,0.000000,200
inflator,binary,87,-2.500000,0.000000,200
inflator,binary,88,-2.500000,0.000000,200
inflator,binary,89,-2.500000,0.000000,200
inflator,binary,90,-2.500000,0.000000,200
inflator,binary,91,-2.500000,0.000000,200
inflator,binary,92,-2.500000,0.000000,200
inflator,binary,93,-2.500000,0.000000,200
inflator,binary,94,-2.500000,0.000000,200
inflator,binary,95,-2.500000,0.000000,200
inflator,binary,96,-2.500000,0.000000,200
inflator,binary,97,-2.500000,0.000000,200
inflator,binary,98,-2.500000,0.000000,200
inflator,binary,99,-2.500000,0.000000,200
inflator,binary,100,-2.500000,0.000000,200
underreporter,binary,1,0.000000,0.000000,200
underreporter,binary,2,-2.500000,0.000000,200
underreporter,binary,3,-0.500000,0.000000,200
underreporter,binary,4,-0.500000,0.000000,200
underreporter,binary,5,-2.500000,0.000000,200
underreporter,binary,6,-0.500000,0.000000,200
underreporter,binary,7,-0.500000,0.000000,200
underreporter,binary,8,-2.500000,0.000000,200
underreporter,binary,9,-0.500000,0.000000,200
underreporter,binary,10,-0.500000,0.000000,200
underreporter,binary,11,-2.500000,0.000000,200
underreporter,binary,12,-0.500000,0.000000,200
underreporter,binary,13,-0.500000,0.000000,200
underreporter,binary,14,-2.500000,0.000000,200
underreporter,binary,15,-0.500000,0.000000,200
underreporter,binary,16,-0.500000,0.000000,200
underreporter,binary,17,-2.500000,0.000000,200
underreporter,binary,18,-0.500000,0.000000,200
underreporter,binary,19,-0.500000,0.000000,200
underreporter,binary,20,-2.500000,0.000000,200
underreporter,binary,21,-0.500000,0.000000,200
underreporter,binary,22,-0.500000,0.000000,200
underreporter,binary,23,-2.500000,0.000000,200
underreporter,binary,24,-0.500000,0.000000,200
underreporter,binary,25,-0.500000,0.000000,200
underreporter,binary,26,-2.500000,0.000000,200
underreporter,binary,27,-0.500000,0.000000,200
underreporter,binary,28,-0.500000,0.000000,200
underreporter,binary,29,-2.500000,0.000000,200
underreporter,binary,30,-0.500000,0.000000,200
underreporter,binary,31,-0.500000,0.000000,200
underreporter,binary,32,-2.500000,0.000000,200
underreporter,binary,33,-0.500000,0.000000,200
underreporter,binary,34,-0.500000,0.000000,200
underreporter,binary,35,-2.500000,0.000000,200
underreporter,binary,36,-0.500000,0.000000,200
underreporter,binary,37,-0.500000,0.000000,200
underreporter,binary,38,-2.500000,0.000000,200
underreporter,binary,39,-0.500000,0.000000,200
underreporter,binary,40,-0.500000,0.000000,200
underreporter,binary,41,-2.500000,0.000000,200
underreporter,binary,42,-0.500000,0.000000,200
underreporter,binary,43,-0.500000,0.000000,200
underreporter,binary,44,-2.500000,0.000000,200
underreporter,binary,45,-0.500000,0.000000,200
underreporter,binary,46,-0.500000,0.000000,200
underreporter,binary,47,-2.500000,0.000000,200
underreporter,binary,48,-0.500000,0.000000,200
underreporter,binary,49,-0.500000,0.000000,200
underreporter,binary,50,-2.500000,0.000000,200
underreporter,binary,51,-0.500000,0.000000,200
underreporter,binary,52,-0.500000,0.000000,200
underreporter,binary,53,-2.500000,0.000000,200
underreporter,binary,54,-0.500000,0.000000,200
underreporter,binary,55,-0.500000,0.000000,200
underreporter,binary,56,-2.500000,0.000000,200
underreporter,binary,57,-0.500000,0.000000,200
underreporter,binary,58,-0.500000,0.000000,200
underreporter,binary,59,-2.500000,0.000000,200
underreporter,binary,60,-0.500000,0.000000,200
underreporter,binary,61,-0.500000,0.000000,200
underreporter,binary,62,-2.500000,0.000000,200
underreporter,binary,63,-0.500000,0.000000,200
underreporter,binary,64,-0.500000,0.000000,200
underreporter,binary,65,-2.500000,0.000000,200
underreporter,binary,66,-0.500000,0.000000,200
underreporter,binary,67,-0.500000,0.000000,200
underreporter,binary,68,-2.500000,0.000000,200
underreporter,binary,69,-0.500000,0.000000,200
underreporter,binary,70,-0.500000,0.000000,200
underreporter,binary,71,-2.500000,0.000000,200
underreporter,binary,72,-0.500000,0.000000,200
underreporter,binary,73,-0.500000,0.000000,200
underreporter,binary,74,-2.500000,0.000000,200
underreporter,binary,75,-0.500000,0.000000,200
underreporter,binary,76,-0.500000,0.000000,200
underreporter,binary,77,-2.500000,0.000000,200
underreporter,binary,78,-0.500000,0.000000,200
underreporter,binary,79,-0.500000,0.000000,200
underreporter,binary,80,-2.500000,0.000000,200
underreporter,binary,81,-0.500000,0.000000,200
underreporter,binary,82,-0.500000,0.000000,200
underreporter,binary,83,-2.500000,0.000000,200
underreporter,binary,84,-0.500000,0.000000,200
underreporter,binary,85,-0.500000,0.000000,200
underreporter,binary,86,-2.500000,0.000000,200
underreporter,binary,87,-0.500000,0.000000,200
underreporter,binary,88,-0.500000,0.000000,200
underreporter,binary,89,-2.500000,0.000000,200
underreporter,binary,90,-0.500000,0.000000,200
underreporter,binary,91,-0.500000,0.000000,200
underreporter,binary,92,-2.500000,0.000000,200
underreporter,binary,93,-0.500000,0.000000,200
underreporter,binary,94,-0.500000,0.000000,200
underreporter,binary,95,-2.500000,0.000000,200
underreporter,binary,96,-0.500000,0.000000,200
underreporter,binary,97,-0.500000,0.000000,200
underreporter,binary,98,-2.500000,0.000000,200
underreporter,binary,99,-0.500000,0.000000,200
underreporter,binary,100,-0.500000,0.000000,200
mixed,binary,1,0.000000,0.000000,200
mixed,binary,2,0.000000,0.000000,200
mixed,binary,3,0.000000,0.000000,200
mixed,binary,4,0.000000,0.000000,200
mixed,binary,5,0.000000,0.000000,200
mixed,binary,6,0.000000,0.000000,200
mixed,binary,7,-2.500000,0.000000,200
mixed,binary,8,-0.500000,0.000000,200
mixed,binary,9,-2.500000,0.000000,200
mixed,binary,10,-0.500000,0.000000,200
mixed,binary,11,-2.500000,0.000000,200
mixed,binary,12,-0.500000,0.000000,200
mixed,binary,13,-2.500000,0.000000,200
mixed,binary,14,-0.500000,0.000000,200
mixed,binary,15,-2.500000,0.000000,200
mixed,binary,16,-0.500000,0.000000,200
mixed,binary,17,-2.500000,0.000000,200
mixed,binary,18,-0.500000,0.000000,200
mixed,binary,19,-2.500000,0.000000,200
mixed,binary,20,-0.500000,0.000000,200
mixed,binary,21,-2.500000,0.000000,200
mixed,binary,22,-0.500000,0.000000,200
mixed,binary,23,-2.500000,0.000000,200
mixed,binary,24,-0.500000,0.000000,200
mixed,binary,25,-2.500000,0.000000,200
mixed,binary,26,-0.500000,0.000000,200
mixed,binary,27,-2.500000,0.000000,200
mixed,binary,28,-0.500000,0.000000,200
mixed,binary,29,-2.500000,0.000000,200
mixed,binary,30,-0.500000,0.000000,200
mixed,binary,31,-2.500000,0.000000,200
mixed,binary,32,-0.500000,0.000000,200
mixed,binary,33,-2.500000,0.000000,200
mixed,binary,34,-0.500000,0.000000,200
mixed,binary,35,-2.500000,0.000000,200
mixed,binary,36,-0.500000,0.000000,200
mixed,binary,37,-2.500000,0.000000,200
mixed,binary,38,-0.500000,0.000000,200
mixed,binary,39,-2.500000,0.000000,200
mixed,binary,40,-0.500000,0.000000,200
mixed,binary,41,-2.500000,0.000000,200
mixed,binary,42,-0.500000,0.000000,200
mixed,binary,43,-2.500000,0.000000,200
mixed,binary,44,-0.500000,0.000000,200
mixed,binary,45,-2.500000,0.000000,200
mixed,binary,46,-0.500000,0.000000,200
mixed,binary,47,-2.500000,0.000000,200
mixed,binary,48,-0.500000,0.000000,200
mixed,binary,49,-2.500000,0.000000,200
mixed,binary,50,-0.500000,0.000000,200
mixed,binary,51,-2.500000,0.000000,200
mixed,binary,52,-0.500000,0.000000,200
mixed,binary,53,-2.500000,0.000000,200
mixed,binary,54,-0.500000,0.000000,200
mixed,binary,55,-2.500000,0.000000,200
mixed,binary,56,-0.500000,0.000000,200
mixed,binary,57,-2.500000,0.000000,200
mixed,binary,58,-0.500000,0.000000,200
mixed,binary,59,-2.500000,0.000000,200
mixed,binary,60,-0.500000,0.000000,200
mixed,binary,61,-2.500000,0.000000,200
mixed,binary,62,-0.500000,0.000000,200
mixed,binary,63,-2.500000,0.000000,200
mixed,binary,64,-0.500000,0.000000,200
mixed,binary,65,-2.500000,0.000000,200
mixed,binary,66,-0.500000,0.000000,200
mixed,binary,67,-2.500000,0.000000,200
mixed,binary,68,-0.500000,0.000000,200
mixed,binary,69,-2.500000,0.000000,200
mixed,binary,70,-0.500000,0.000000,200
mixed,binary,71,-2.500000,0.000000,200
mixed,binary,72,-0.500000,0.000000,200
mixed,binary,73,-2.500000,0.000000,200
mixed,binary,74,-0.500000,0.000000,200
mixed,binary,75,-2.500000,0.000000,200
mixed,binary,76,-0.500000,0.000000,200
mixed,binary,77,-2.500000,0.000000,200
mixed,binary,78,-0.500000,0.000000,200
mixed,binary,79,-2.500000,0.000000,200
mixed,binary,80,-0.500000,0.000000,200
mixed,binary,81,-2.500000,0.000000,200
mixed,binary,82,-0.500000,0.000000,200
mixed,binary,83,-2.500000,0.000000,200
mixed,binary,84,-0.500000,0.000000,200
mixed,binary,85,-2.500000,0.000000,200
mixed,binary,86,-0.500000,0.000000,200
mixed,binary,87,-2.500000,0.000000,200
mixed,binary,88,-0.500000,0.000000,200
mixed,binary,89,-2.500000,0.000000,200
mixed,binary,90,-0.500000,0.000000,200
mixed,binary,91,-2.500000,0.000000,200
mixed,binary,92,-0.500000,0.000000,200
mixed,binary,93,-2.500000,0.000000,200
mixed,binary,94,-0.500000,0.000000,200
mixed,binary,95,-2.500000,0.000000,200
mixed,binary,96,-0.500000,0.000000,200
mixed,binary,97,-2.500000,0.000000,200
mixed,binary,98,-0.500000,0.000000,200
mixed,binary,99,-2.500000,0.000000,200
mixed,binary,100,-0.500000,0.000000,200
burst_recovery,binary,1,0.000000,0.000000,200
burst_recovery,binary,2,0.000000,0.000000,200
burst_recovery,binary,3,0.000000,0.000000,200
burst_recovery,binary,4,0.000000,0.000000,200
burst_recovery,binary,5,0.000000,0.000000,200
burst_recovery,binary,6,-2.500000,0.000000,200
burst_recovery,binary,7,-2.500000,0.000000,200
burst_recovery,binary,8,-2.500000,0.000000,200
burst_recovery,binary,9,-2.500000,0.000000,200
burst_recovery,binary,10,-2.500000,0.000000,200
burst_recovery,binary,11,-2.500000,0.000000,200
burst_recovery,binary,12,-2.500000,0.000000,200
burst_recovery,binary,13,-2.500000,0.000000,200
burst_recovery,binary,14,-2.500000,0.000000,200
burst_recovery,binary,15,-2.500000,0.000000,200
burst_recovery,binary,16,-0.500000,0.000000,200
burst_recovery,binary,17,-0.500000,0.000000,200
burst_recovery,binary,18,-0.500000,0.000000,200
burst_recovery,binary,19,-0.500000,0.000000,200
burst_recovery,binary,20,-0.500000,0.000000,200
burst_recovery,binary,21,-0.500000,0.000000,200
burst_recovery,binary,22,-0.500000,0.000000,200
burst_recovery,binary,23,-0.500000,0.000000,200
burst_recovery,binary,24,-0.500000,0.000000,200
burst_recovery,binary,25,-0.500000,0.000000,200
burst_recovery,binary,26,-2.500000,0.000000,200
burst_recovery,binary,27,-2.500000,0.000000,200
burst_recovery,binary,28,-2.500000,0.000000,200
burst_recovery,binary,29,-2.500000,0.000000,200
burst_recovery,binary,30,-2.500000,0.000000,200
burst_recovery,binary,31,-2.500000,0.000000,200
burst_recovery,binary,32,-2.500000,0.000000,200
burst_recovery,binary,33,-2.500000,0.000000,200
burst_recovery,binary,34,-2.500000,0.000000,200
burst_recovery,binary,35,-2.500000,0.000000,200
burst_recovery,binary,36,-0.500000,0.000000,200
burst_recovery,binary,37,-0.500000,0.000000,200
burst_recovery,binary,38,-0.500000,0.000000,200
burst_recovery,binary,39,-0.500000,0.000000,200
burst_recovery,binary,40,-0.500000,0.000000,200
burst_recovery,binary,41,-0.500000,0.000000,200
burst_recovery,binary,42,-0.500000,0.000000,200
burst_recovery,binary,43,-0.500000,0.000000,200
burst_recovery,binary,44,-0.500000,0.000000,200
burst_recovery,binary,45,-0.500000,0.000000,200
burst_recovery,binary,46,-2.500000,0.000000,200
burst_recovery,binary,47,-2.500000,0.000000,200
burst_recovery,binary,48,-2.500000,0.000000,200
burst_recovery,binary,49,-2.500000,0.000000,200
burst_recovery,binary,50,-2.500000,0.000000,200
burst_recovery,binary,51,-2.500000,0.000000,200
burst_recovery,binary,52,-2.500000,0.000000,200
burst_recovery,binary,53,-2.500000,0.000000,200
burst_recovery,binary,54,-2.500000,0.000000,200
burst_recovery,binary,55,-2.500000,0.000000,200
burst_recovery,binary,56,-0.500000,0.000000,200
burst_recovery,binary,57,-0.500000,0.000000,200
burst_recovery,binary,58,-0.500000,0.000000,200
burst_recovery,binary,59,-0.500000,0.000000,200
burst_recovery,binary,60,-0.500000,0.000000,200
burst_recovery,binary,61,-0.500000,0.000000,200
burst_recovery,binary,62,-0.500000,0.000000,200
burst_recovery,binary,63,-0.500000,0.000000,200
burst_recovery,binary,64,-0.500000,0.000000,200
burst_recovery,binary,65,-0.500000,0.000000,200
burst_recovery,binary,66,-2.500000,0.000000,200
burst_recovery,binary,67,-2.500000,0.000000,200
burst_recovery,binary,68,-2.500000,0.000000,200
burst_recovery,binary,69,-2.500000,0.000000,200
burst_recovery,binary,70,-2.500000,0.000000,200
burst_recovery,binary,71,-2.500000,0.000000,200
burst_recovery,binary,72,-2.500000,0.000000,200
burst_recovery,binary,73,-2.500000,0.000000,200
burst_recovery,binary,74,-2.500000,0.000000,200
burst_recovery,binary,75,-2.500000,0.000000,200
burst_recovery,binary,76,-0.500000,0.000000,200
burst_recovery,binary,77,-0.500000,0.000000,200
burst_recovery,binary,78,-0.500000,0.000000,200
burst_recovery,binary,79,-0.500000,0.000000,200
burst_recovery,binary,80,-0.500000,0.000000,200
burst_recovery,binary,81,-0.500000,0.000000,200
burst_recovery,binary,82,-0.500000,0.000000,200
burst_recovery,binary,83,-0.500000,0.000000,200
burst_recovery,binary,84,-0.500000,0.000000,200
burst_recovery,binary,85,-0.500000,0.000000,200
burst_recovery,binary,86,-2.500000,0.000000,200
burst_recovery,binary,87,-2.500000,0.000000,200
burst_recovery,binary,88,-2.500000,0.000000,200
burst_recovery,binary,89,-2.500000,0.000000,200
burst_recovery,binary,90,-2.500000,0.000000,200
burst_recovery,binary,91,-2.500000,0.000000,200
burst_recovery,binary,92,-2.500000,0.000000,200
burst_recovery,binary,93,-2.500000,0.000000,200
burst_recovery,binary,94,-2.500000,0.000000,200
burst_recovery,binary,95,-2.500000,0.000000,200
burst_recovery,binary,96,-0.500000,0.000000,200
burst_recovery,binary,97,-0.500000,0.000000,200
burst_recovery,binary,98,-0.500000,0.000000,200
burst_recovery,binary,99,-0.500000,0.000000,200
burst_recovery,binary,100,-0.500000,0.000000,200
greedy,binary,1,0.000000,0.000000,200
greedy,binary,2,0.000000,0.000000,200
greedy,binary,3,0.000000,0.000000,200
greedy,binary,4,0.000000,0.000000,200
greedy,binary,5,0.000000,0.000000,200
greedy,binary,6,0.000000,0.000000,200
greedy,binary,7,0.000000,0.000000,200
greedy,binary,8,0.000000,0.000000,200
greedy,binary,9,0.000000,0.000000,200
greedy,binary,10,0.000000,0.000000,200
greedy,binary,11,0.000000,0.000000,200
greedy,binary,12,0.000000,0.000000,200
greedy,binary,13,0.000000,0.000000,200
greedy,binary,14,0.000000,0.000000,200
greedy,binary,15,0.000000,0.000000,200
greedy,binary,16,0.000000,0.000000,200
greedy,binary,17,0.000000,0.000000,200
greedy,binary,18,0.000000,0.000000,200
greedy,binary,19,0.000000,0.000000,200
greedy,binary,20,0.000000,0.000000,200
greedy,binary,21,0.000000,0.000000,200
greedy,binary,22,0.000000,0.000000,200
greedy,binary,23,0.000000,0.000000,200
greedy,binary,24,0.000000,0.000000,200
greedy,binary,25,0.000000,0.000000,200
greedy,binary,26,0.000000,0.000000,200
greedy,binary,27,0.000000,0.000000,200
greedy,binary,28,0.000000,0.000000,200
greedy,binary,29,0.000000,0.000000,200
greedy,binary,30,0.000000,0.000000,200
greedy,binary,31,0.000000,0.000000,200
greedy,binary,32,0.000000,0.000000,200
greedy,binary,33,0.000000,0.000000,200
greedy,binary,34,0.000000,0.000000,200
greedy,binary,35,0.000000,0.000000,200
greedy,binary,36,0.000000,0.000000,200
greedy,binary,37,0.000000,0.000000,200
greedy,binary,38,0.000000,0.000000,200
greedy,binary,39,0.000000,0.000000,200
greedy,binary,40,0.000000,0.000000,200
greedy,binary,41,0.000000,0.000000,200
greedy,binary,42,0.000000,0.000000,200
greedy,binary,43,0.000000,0.000000,200
greedy,binary,44,0.000000,0.000000,200
greedy,binary,45,0.000000,0.000000,200
greedy,binary,46,0.000000,0.000000,200
greedy,binary,47,0.000000,0.000000,200
greedy,binary,48,0.000000,0.000000,200
greedy,binary,49,0.000000,0.000000,200
greedy,binary,50,0.000000,0.000000,200
greedy,binary,51,0.000000,0.000000,200
greedy,binary,52,0.000000,0.000000,200
greedy,binary,53,0.000000,0.000000,200
greedy,binary,54,0.000000,0.000000,200
greedy,binary,55,0.000000,0.000000,200
greedy,binary,56,0.000000,0.000000,200
greedy,binary,57,0.000000,0.000000,200
greedy,binary,58,0.000000,0.000000,200
greedy,binary,59,0.000000,0.000000,200
greedy,binary,60,0.000000,0.000000,200
greedy,binary,61,0.000000,0.000000,200
greedy,binary,62,0.000000,0.000000,200
greedy,binary,63,0.000000,0.000000,200
greedy,binary,64,0.000000,0.000000,200
greedy,binary,65,0.000000,0.000000,200
greedy,binary,66,0.000000,0.000000,200
greedy,binary,67,0.000000,0.000000,200
greedy,binary,68,0.000000,0.000000,200
greedy,binary,69,0.000000,0.000000,200
greedy,binary,70,0.000000,0.000000,200
greedy,binary,71,0.000000,0.000000,200
greedy,binary,72,0.000000,0.000000,200
greedy,binary,73,0.000000,0.000000,200
greedy,binary,74,0.000000,0.000000,200
greedy,binary,75,0.000000,0.000000,200
greedy,binary,76,0.000000,0.000000,200
greedy,binary,77,0.000000,0.000000,200
greedy,binary,78,0.000000,0.000000,200
greedy,binary,79,0.000000,0.000000,200
greedy,binary,80,0.000000,0.000000,200
greedy,binary,81,0.000000,0.000000,200
greedy,binary,82,0.000000,0.000000,200
greedy,binary,83,0.000000,0.000000,200
greedy,binary,84,0.000000,0.000000,200
greedy,binary,85,0.000000,0.000000,200
greedy,binary,86,0.000000,0.000000,200
greedy,binary,87,0.000000,0.000000,200
greedy,binary,88,0.000000,0.000000,200
greedy,binary,89,0.000000,0.000000,200
greedy,binary,90,0.000000,0.000000,200
greedy,binary,91,0.000000,0.000000,200
greedy,binary,92,0.000000,0.000000,200
greedy,binary,93,0.000000,0.000000,200
greedy,binary,94,0.000000,0.000000,200
greedy,binary,95,0.000000,0.000000,200
greedy,binary,96,0.000000,0.000000,200
greedy,binary,97,0.000000,0.000000,200
greedy,binary,98,0.000000,0.000000,200
greedy,binary,99,0.000000,0.000000,200
greedy,binary,100,0.000000,0.000000,200
inflator,proportional,1,0.007500,0.000000,200
inflator,proportional,2,-0.996250,0.000000,200
inflator,proportional,3,0.003750,0.000000,200
inflator,proportional,4,0.003750,0.000000,200
inflator,proportional,5,0.003750,0.000000,200
inflator,proportional,6,-0.158250,0.000000,200
inflator,proportional,7,-0.320250,0.000000,200
inflator,proportional,8,-0.482250,0.000000,200
inflator,proportional,9,-0.644250,0.000000,200
inflator,proportional,10,-0.806250,0.000000,200
inflator,proportional,11,-0.968250,0.000000,200
inflator,proportional,12,-1.130250,0.000000,200
inflator,proportional,13,-1.292250,0.000000,200
inflator,proportional,14,-1.454250,0.000000,200
inflator,proportional,15,-1.616250,0.000000,200
inflator,proportional,16,-1.778250,0.000000,200
inflator,proportional,17,-1.940250,0.000000,200
inflator,proportional,18,-1.996250,0.000000,200
inflator,proportional,19,-1.996250,0.000000,200
inflator,proportional,20,-1.996250,0.000000,200
inflator,proportional,21,-1.996250,0.000000,200
inflator,proportional,22,-1.996250,0.000000,200
inflator,proportional,23,-1.996250,0.000000,200
inflator,proportional,24,-1.996250,0.000000,200
inflator,proportional,25,-1.996250,0.000000,200
inflator,proportional,26,-1.996250,0.000000,200
inflator,proportional,27,-1.996250,0.000000,200
inflator,proportional,28,-1.996250,0.000000,200
inflator,proportional,29,-1.996250,0.000000,200
inflator,proportional,30,-1.996250,0.000000,200
inflator,proportional,31,-1.996250,0.000000,200
inflator,proportional,32,-1.996250,0.000000,200
inflator,proportional,33,-1.996250,0.000000,200
inflator,proportional,34,-1.996250,0.000000,200
inflator,proportional,35,-1.996250,0.000000,200
inflator,proportional,36,-1.996250,0.000000,200
inflator,proportional,37,-1.996250,0.000000,200
inflator,proportional,38,-1.996250,0.000000,200
inflator,proportional,39,-1.996250,0.000000,200
inflator,proportional,40,-1.996250,0.000000,200
inflator,proportional,41,-1.996250,0.000000,200
inflator,proportional,42,-1.996250,0.000000,200
inflator,proportional,43,-1.996250,0.000000,200
inflator,proportional,44,-1.996250,0.000000,200
inflator,proportional,45,-1.996250,0.000000,200
inflator,proportional,46,-1.996250,0.000000,200
inflator,proportional,47,-1.996250,0.000000,200
inflator,proportional,48,-1.996250,0.000000,200
inflator,proportional,49,-1.996250,0.000000,200
inflator,proportional,50,-1.996250,0.000000,200
inflator,proportional,51,-1.996250,0.000000,200
inflator,proportional,52,-1.996250,0.000000,200
inflator,proportional,53,-1.996250,0.000000,200
inflator,proportional,54,-1.996250,0.000000,200
inflator,proportional,55,-1.996250,0.000000,200
inflator,proportional,56,-1.996250,0.000000,200
inflator,proportional,57,-1.996250,0.000000,200
inflator,proportional,58,-1.996250,0.000000,200
inflator,proportional,59,-1.996250,0.000000,200
inflator,proportional,60,-1.996250,0.000000,200
inflator,proportional,61,-1.996250,0.000000,200
inflator,proportional,62,-1.996250,0.000000,200
inflator,proportional,63,-1.996250,0.000000,200
inflator,proportional,64,-1.996250,0.000000,200
inflator,proportional,65,-1.996250,0.000000,200
inflator,proportional,66,-1.996250,0.000000,200
inflator,proportional,67,-1.996250,0.000000,200
inflator,proportional,68,-1.996250,0.000000,200
inflator,proportional,69,-1.996250,0.000000,200
inflator,proportional,70,-1.996250,0.000000,200
inflator,proportional,71,-1.996250,0.000000,200
inflator,proportional,72,-1.996250,0.000000,200
inflator,proportional,73,-1.996250,0.000000,200
inflator,proportional,74,-1.996250,0.000000,200
inflator,proportional,75,-1.996250,0.000000,200
inflator,proportional,76,-1.996250,0.000000,200
inflator,proportional,77,-1.996250,0.000000,200
inflator,proportional,78,-1.996250,0.000000,200
inflator,proportional,79,-1.996250,0.000000,200
inflator,proportional,80,-1.996250,0.000000,200
inflator,proportional,81,-1.996250,0.000000,200
inflator,proportional,82,-1.996250,0.000000,200
inflator,proportional,83,-1.996250,0.000000,200
inflator,proportional,84,-1.996250,0.000000,200
inflator,proportional,85,-1.996250,0.000000,200
inflator,proportional,86,-1.996250,0.000000,200
inflator,proportional,87,-1.996250,0.000000,200
inflator,proportional,88,-1.996250,0.000000,200
inflator,proportional,89,-1.996250,0.000000,200
inflator,proportional,90,-1.996250,0.000000,200
inflator,proportional,91,-1.996250,0.000000,200
inflator,proportional,92,-1.996250,0.000000,200
inflator,proportional,93,-1.996250,0.000000,200
inflator,proportional,94,-1.996250,0.000000,200
inflator,proportional,95,-1.996250,0.000000,200
inflator,proportional,96,-1.996250,0.000000,200
inflator,proportional,97,-1.996250,0.000000,200
inflator,proportional,98,-1.996250,0.000000,200
inflator,proportional,99,-1.996250,0.000000,200
inflator,proportional,100,-2.000000,0.000000,200
underreporter,proportional,1,0.009750,0.000000,200
underreporter,proportional,2,-1.116250,0.000000,200
underreporter,proportional,3,-1.234000,0.000000,200
underreporter,proportional,4,-0.236250,0.000000,200
underreporter,proportional,5,-1.356250,0.000000,200
underreporter,proportional,6,-1.474000,0.000000,200
underreporter,proportional,7,-0.476250,0.000000,200
underreporter,proportional,8,-1.596250,0.000000,200
underreporter,proportional,9,-1.714000,0.000000,200
underreporter,proportional,10,-0.716250,0.000000,200
underreporter,proportional,11,-1.836250,0.000000,200
underreporter,proportional,12,-1.954000,0.000000,200
underreporter,proportional,13,-0.956250,0.000000,200
underreporter,proportional,14,-2.076250,0.000000,200
underreporter,proportional,15,-2.194000,0.000000,200
underreporter,proportional,16,-1.196250,0.000000,200
underreporter,proportional,17,-2.316250,0.000000,200
underreporter,proportional,18,-2.434000,0.000000,200
underreporter,proportional,19,-1.436250,0.000000,200
underreporter,proportional,20,-2.556250,0.000000,200
underreporter,proportional,21,-2.674000,0.000000,200
underreporter,proportional,22,-1.676250,0.000000,200
underreporter,proportional,23,-2.796250,0.000000,200
underreporter,proportional,24,-2.914000,0.000000,200
underreporter,proportional,25,-1.916250,0.000000,200
underreporter,proportional,26,-2.996250,0.000000,200
underreporter,proportional,27,-2.994000,0.000000,200
underreporter,proportional,28,-1.996250,0.000000,200
underreporter,proportional,29,-2.996250,0.000000,200
underreporter,proportional,30,-2.994000,0.000000,200
underreporter,proportional,31,-1.996250,0.000000,200
underreporter,proportional,32,-2.996250,0.000000,200
underreporter,proportional,33,-2.994000,0.000000,200
underreporter,proportional,34,-1.996250,0.000000,200
underreporter,proportional,35,-2.996250,0.000000,200
underreporter,proportional,36,-2.994000,0.000000,200
underreporter,proportional,37,-1.996250,0.000000,200
underreporter,proportional,38,-2.996250,0.000000,200
underreporter,proportional,39,-2.994000,0.000000,200
underreporter,proportional,40,-1.996250,0.000000,200
underreporter,proportional,41,-2.996250,0.000000,200
underreporter,proportional,42,-2.994000,0.000000,200
underreporter,proportional,43,-1.996250,0.000000,200
underreporter,proportional,44,-2.996250,0.000000,200
underreporter,proportional,45,-2.994000,0.000000,200
underreporter,proportional,46,-1.996250,0.000000,200
underreporter,proportional,47,-2.996250,0.000000,200
underreporter,proportional,48,-2.994000,0.000000,200
underreporter,proportional,49,-1.996250,0.000000,200
underreporter,proportional,50,-2.996250,0.000000,200
underreporter,proportional,51,-2.994000,0.000000,200
underreporter,proportional,52,-1.996250,0.000000,200
underreporter,proportional,53,-2.996250,0.000000,200
underreporter,proportional,54,-2.994000,0.000000,200
underreporter,proportional,55,-1.996250,0.000000,200
underreporter,proportional,56,-2.996250,0.000000,200
underreporter,proportional,57,-2.994000,0.000000,200
underreporter,proportional,58,-1.996250,0.000000,200
underreporter,proportional,59,-2.996250,0.000000,200
underreporter,proportional,60,-2.994000,0.000000,200
underreporter,proportional,61,-1.996250,0.000000,200
underreporter,proportional,62,-2.996250,0.000000,200
underreporter,proportional,63,-2.994000,0.000000,200
underreporter,proportional,64,-1.996250,0.000000,200
underreporter,proportional,65,-2.996250,0.000000,200
underreporter,proportional,66,-2.994000,0.000000,200
underreporter,proportional,67,-1.996250,0.000000,200
underreporter,proportional,68,-2.996250,0.000000,200
underreporter,proportional,69,-2.994000,0.000000,200
underreporter,proportional,70,-1.996250,0.000000,200
underreporter,proportional,71,-2.996250,0.000000,200
underreporter,proportional,72,-2.994000,0.000000,200
underreporter,proportional,73,-1.996250,0.000000,200
underreporter,proportional,74,-2.996250,0.000000,200
underreporter,proportional,75,-2.994000,0.000000,200
underreporter,proportional,76,-1.996250,0.000000,200
underreporter,proportional,77,-2.996250,0.000000,200
underreporter,proportional,78,-2.994000,0.000000,200
underreporter,proportional,79,-1.996250,0.000000,200
underreporter,proportional,80,-2.996250,0.000000,200
underreporter,proportional,81,-2.994000,0.000000,200
underreporter,proportional,82,-1.996250,0.000000,200
underreporter,proportional,83,-2.996250,0.000000,200
underreporter,proportional,84,-2.994000,0.000000,200
underreporter,proportional,85,-1.996250,0.000000,200
underreporter,proportional,86,-2.996250,0.000000,200
underreporter,proportional,87,-2.994000,0.000000,200
underreporter,proportional,88,-1.996250,0.000000,200
underreporter,proportional,89,-2.996250,0.000000,200
underreporter,proportional,90,-2.994000,0.000000,200
underreporter,proportional,91,-1.996250,0.000000,200
underreporter,proportional,92,-2.996250,0.000000,200
underreporter,proportional,93,-2.994000,0.000000,200
underreporter,proportional,94,-1.996250,0.000000,200
underreporter,proportional,95,-2.996250,0.000000,200
underreporter,proportional,96,-2.994000,0.000000,200
underreporter,proportional,97,-1.996250,0.000000,200
underreporter,proportional,98,-2.996250,0.000000,200
underreporter,proportional,99,-2.994000,0.000000,200
underreporter,proportional,100,-2.000000,0.000000,200
mixed,proportional,1,0.008250,0.000000,200
mixed,proportional,2,-0.996250,0.000000,200
mixed,proportional,3,-0.995500,0.000000,200
mixed,proportional,4,0.003750,0.000000,200
mixed,proportional,5,-0.996250,0.000000,200
mixed,proportional,6,-0.995500,0.000000,200
mixed,proportional,7,-0.158250,0.000000,200
mixed,proportional,8,-1.320250,0.000000,200
mixed,proportional,9,-1.481500,0.000000,200
mixed,proportional,10,-0.644250,0.000000,200
mixed,proportional,11,-1.806250,0.000000,200
mixed,proportional,12,-1.967500,0.000000,200
mixed,proportional,13,-1.130250,0.000000,200
mixed,proportional,14,-2.292250,0.000000,200
mixed,proportional,15,-2.453500,0.000000,200
mixed,proportional,16,-1.616250,0.000000,200
mixed,proportional,17,-2.778250,0.000000,200
mixed,proportional,18,-2.939500,0.000000,200
mixed,proportional,19,-1.996250,0.000000,200
mixed,proportional,20,-2.996250,0.000000,200
mixed,proportional,21,-2.995500,0.000000,200
mixed,proportional,22,-1.996250,0.000000,200
mixed,proportional,23,-2.996250,0.000000,200
mixed,proportional,24,-2.995500,0.000000,200
mixed,proportional,25,-1.996250,0.000000,200
mixed,proportional,26,-2.996250,0.000000,200
mixed,proportional,27,-2.995500,0.000000,200
mixed,proportional,28,-1.996250,0.000000,200
mixed,proportional,29,-2.996250,0.000000,200
mixed,proportional,30,-2.995500,0.000000,200
mixed,proportional,31,-1.996250,0.000000,200
mixed,proportional,32,-2.996250,0.000000,200
mixed,proportional,33,-2.995500,0.000000,200
mixed,proportional,34,-1.996250,0.000000,200
mixed,proportional,35,-2.996250,0.000000,200
mixed,proportional,36,-2.995500,0.000000,200
mixed,proportional,37,-1.996250,0.000000,200
mixed,proportional,38,-2.996250,0.000000,200
mixed,proportional,39,-2.995500,0.000000,200
mixed,proportional,40,-1.996250,0.000000,200
mixed,proportional,41,-2.996250,0.000000,200
mixed,proportional,42,-2.995500,0.000000,200
mixed,proportional,43,-1.996250,0.000000,200
mixed,proportional,44,-2.996250,0.000000,200
mixed,proportional,45,-2.995500,0.000000,200
mixed,proportional,46,-1.996250,0.000000,200
mixed,proportional,47,-2.996246,0.000053,200
mixed,proportional,48,-2.993004,0.035214,200
mixed,proportional,49,-2.001250,0.070534,200
mixed,proportional,50,-2.996246,0.000053,200
mixed,proportional,51,-2.990504,0.070481,200
mixed,proportional,52,-2.001250,0.070534,200
mixed,proportional,53,-2.996246,0.000053,200
mixed,proportional,54,-2.990504,0.070481,200
mixed,proportional,55,-2.001250,0.070534,200
mixed,proportional,56,-2.996246,0.000053,200
mixed,proportional,57,-2.990504,0.070481,200
mixed,proportional,58,-2.001250,0.070534,200
mixed,proportional,59,-2.996246,0.000053,200
mixed,proportional,60,-2.990504,0.070481,200
mixed,proportional,61,-2.001250,0.070534,200
mixed,proportional,62,-2.996246,0.000053,200
mixed,proportional,63,-2.990504,0.070481,200
mixed,proportional,64,-2.001250,0.070534,200
mixed,proportional,65,-2.996246,0.000053,200
mixed,proportional,66,-2.990504,0.070481,200
mixed,proportional,67,-2.001250,0.070534,200
mixed,proportional,68,-2.996246,0.000053,200
mixed,proportional,69,-2.990504,0.070481,200
mixed,proportional,70,-2.001250,0.070534,200
mixed,proportional,71,-2.996246,0.000053,200
mixed,proportional,72,-2.990504,0.070481,200
mixed,proportional,73,-2.001250,0.070534,200
mixed,proportional,74,-2.996246,0.000053,200
mixed,proportional,75,-2.990504,0.070481,200
mixed,proportional,76,-2.001250,0.070534,200
mixed,proportional,77,-2.996246,0.000053,200
mixed,proportional,78,-2.990504,0.070481,200
mixed,proportional,79,-2.001250,0.070534,200
mixed,proportional,80,-2.996246,0.000053,200
mixed,proportional,81,-2.990504,0.070481,200
mixed,proportional,82,-2.001250,0.070534,200
mixed,proportional,83,-2.996246,0.000053,200
mixed,proportional,84,-2.990504,0.070481,200
mixed,proportional,85,-2.001250,0.070534,200
mixed,proportional,86,-2.996246,0.000053,200
mixed,proportional,87,-2.990504,0.070481,200
mixed,proportional,88,-2.001250,0.070534,200
mixed,proportional,89,-2.996246,0.000053,200
mixed,proportional,90,-2.990504,0.070481,200
mixed,proportional,91,-2.001250,0.070534,200
mixed,proportional,92,-2.996246,0.000053,200
mixed,proportional,93,-2.990504,0.070481,200
mixed,proportional,94,-2.001250,0.070534,200
mixed,proportional,95,-2.996246,0.000053,200
mixed,proportional,96,-2.990504,0.070481,200
mixed,proportional,97,-2.001250,0.070534,200
mixed,proportional,98,-2.996246,0.000053,200
mixed,proportional,99,-2.990504,0.070481,200
mixed,proportional,100,-2.005000,0.070534,200
burst_recovery,proportional,1,0.007500,0.000000,200
burst_recovery,proportional,2,-0.996250,0.000000,200
burst_recovery,proportional,3,0.003750,0.000000,200
burst_recovery,proportional,4,0.003750,0.000000,200
burst_recovery,proportional,5,0.003750,0.000000,200
burst_recovery,proportional,6,-0.158250,0.000000,200
burst_recovery,proportional,7,-0.320250,0.000000,200
burst_recovery,proportional,8,-0.482250,0.000000,200
burst_recovery,proportional,9,-0.644250,0.000000,200
burst_recovery,proportional,10,-0.806250,0.000000,200
burst_recovery,proportional,11,-0.968250,0.000000,200
burst_recovery,proportional,12,-1.130250,0.000000,200
burst_recovery,proportional,13,-1.292250,0.000000,200
burst_recovery,proportional,14,-1.454250,0.000000,200
burst_recovery,proportional,15,-1.616250,0.000000,200
burst_recovery,proportional,16,-1.996250,0.000000,200
burst_recovery,proportional,17,-1.996250,0.000000,200
burst_recovery,proportional,18,-1.996250,0.000000,200
burst_recovery,proportional,19,-1.996250,0.000000,200
burst_recovery,proportional,20,-1.996250,0.000000,200
burst_recovery,proportional,21,-1.996250,0.000000,200
burst_recovery,proportional,22,-1.996250,0.000000,200
burst_recovery,proportional,23,-1.996250,0.000000,200
burst_recovery,proportional,24,-1.996250,0.000000,200
burst_recovery,proportional,25,-1.996250,0.000000,200
burst_recovery,proportional,26,-1.996250,0.000000,200
burst_recovery,proportional,27,-1.996250,0.000000,200
burst_recovery,proportional,28,-1.996250,0.000000,200
burst_recovery,proportional,29,-1.996250,0.000000,200
burst_recovery,proportional,30,-1.996250,0.000000,200
burst_recovery,proportional,31,-1.996250,0.000000,200
burst_recovery,proportional,32,-1.996250,0.000000,200
burst_recovery,proportional,33,-1.996250,0.000000,200
burst_recovery,proportional,34,-1.996250,0.000000,200
burst_recovery,proportional,35,-1.996250,0.000000,200
burst_recovery,proportional,36,-1.996250,0.000000,200
burst_recovery,proportional,37,-1.996250,0.000000,200
burst_recovery,proportional,38,-1.996250,0.000000,200
burst_recovery,proportional,39,-1.996250,0.000000,200
burst_recovery,proportional,40,-1.996250,0.000000,200
burst_recovery,proportional,41,-1.996250,0.000000,200
burst_recovery,proportional,42,-1.996250,0.000000,200
burst_recovery,proportional,43,-1.996250,0.000000,200
burst_recovery,proportional,44,-1.996250,0.000000,200
burst_recovery,proportional,45,-1.996250,0.000000,200
burst_recovery,proportional,46,-1.996250,0.000000,200
burst_recovery,proportional,47,-1.996250,0.000000,200
burst_recovery,proportional,48,-1.996250,0.000000,200
burst_recovery,proportional,49,-1.996250,0.000000,200
burst_recovery,proportional,50,-1.996250,0.000000,200
burst_recovery,proportional,51,-1.996250,0.000000,200
burst_recovery,proportional,52,-1.996250,0.000000,200
burst_recovery,proportional,53,-1.996250,0.000000,200
burst_recovery,proportional,54,-1.996250,0.000000,200
burst_recovery,proportional,55,-1.996250,0.000000,200
burst_recovery,proportional,56,-1.996250,0.000000,200
burst_recovery,proportional,57,-1.996250,0.000000,200
burst_recovery,proportional,58,-1.996250,0.000000,200
burst_recovery,proportional,59,-1.996250,0.000000,200
burst_recovery,proportional,60,-1.996250,0.000000,200
burst_recovery,proportional,61,-1.996250,0.000000,200
burst_recovery,proportional,62,-1.996250,0.000000,200
burst_recovery,proportional,63,-1.996250,0.000000,200
burst_recovery,proportional,64,-1.996250,0.000000,200
burst_recovery,proportional,65,-1.996250,0.000000,200
burst_recovery,proportional,66,-1.996250,0.000000,200
burst_recovery,proportional,67,-1.996250,0.000000,200
burst_recovery,proportional,68,-1.996250,0.000000,200
burst_recovery,proportional,69,-1.996250,0.000000,200
burst_recovery,proportional,70,-1.996250,0.000000,200
burst_recovery,proportional,71,-1.996250,0.000000,200
burst_recovery,proportional,72,-1.996250,0.000000,200
burst_recovery,proportional,73,-1.996250,0.000000,200
burst_recovery,proportional,74,-1.996250,0.000000,200
burst_recovery,proportional,75,-1.996250,0.000000,200
burst_recovery,proportional,76,-1.996250,0.000000,200
burst_recovery,proportional,77,-1.996250,0.000000,200
burst_recovery,proportional,78,-1.996250,0.000000,200
burst_recovery,proportional,79,-1.996250,0.000000,200
burst_recovery,proportional,80,-1.996250,0.000000,200
burst_recovery,proportional,81,-1.996250,0.000000,200
burst_recovery,proportional,82,-1.996250,0.000000,200
burst_recovery,proportional,83,-1.996250,0.000000,200
burst_recovery,proportional,84,-1.996250,0.000000,200
burst_recovery,proportional,85,-1.996250,0.000000,200
burst_recovery,proportional,86,-1.996250,0.000000,200
burst_recovery,proportional,87,-1.996250,0.000000,200
burst_recovery,proportional,88,-1.996250,0.000000,200
burst_recovery,proportional,89,-1.996250,0.000000,200
burst_recovery,proportional,90,-1.996250,0.000000,200
burst_recovery,proportional,91,-1.996250,0.000000,200
burst_recovery,proportional,92,-1.996250,0.000000,200
burst_recovery,proportional,93,-1.996250,0.000000,200
burst_recovery,proportional,94,-1.996250,0.000000,200
burst_recovery,proportional,95,-1.996250,0.000000,200
burst_recovery,proportional,96,-1.996250,0.000000,200
burst_recovery,proportional,97,-1.996250,0.000000,200
burst_recovery,proportional,98,-1.996250,0.000000,200
burst_recovery,proportional,99,-1.996250,0.000000,200
burst_recovery,proportional,100,-2.000000,0.000000,200
greedy,proportional,1,0.011250,0.000000,200
greedy,proportional,2,-0.996250,0.000000,200
greedy,proportional,3,-0.992500,0.000000,200
greedy,proportional,4,0.003750,0.000000,200
greedy,proportional,5,-0.996250,0.000000,200
greedy,proportional,6,-0.992500,0.000000,200
greedy,proportional,7,0.003750,0.000000,200
greedy,proportional,8,-0.996250,0.000000,200
greedy,proportional,9,-0.992500,0.000000,200
greedy,proportional,10,0.003750,0.000000,200
greedy,proportional,11,-0.996250,0.000000,200
greedy,proportional,12,-0.992500,0.000000,200
greedy,proportional,13,0.003750,0.000000,200
greedy,proportional,14,-0.996250,0.000000,200
greedy,proportional,15,-0.992500,0.000000,200
greedy,proportional,16,0.003750,0.000000,200
greedy,proportional,17,-0.996250,0.000000,200
greedy,proportional,18,-0.992500,0.000000,200
greedy,proportional,19,0.003750,0.000000,200
greedy,proportional,20,-0.996250,0.000000,200
greedy,proportional,21,-0.992500,0.000000,200
greedy,proportional,22,0.003750,0.000000,200
greedy,proportional,23,-0.996250,0.000000,200
greedy,proportional,24,-0.992500,0.000000,200
greedy,proportional,25,0.003750,0.000000,200
greedy,proportional,26,-0.996250,0.000000,200
greedy,proportional,27,-0.992500,0.000000,200
greedy,proportional,28,0.003750,0.000000,200
greedy,proportional,29,-0.996250,0.000000,200
greedy,proportional,30,-0.992500,0.000000,200
greedy,proportional,31,0.003750,0.000000,200
greedy,proportional,32,-0.996250,0.000000,200
greedy,proportional,33,-0.992500,0.000000,200
greedy,proportional,34,0.003750,0.000000,200
greedy,proportional,35,-0.996250,0.000000,200
greedy,proportional,36,-0.992500,0.000000,200
greedy,proportional,37,0.003750,0.000000,200
greedy,proportional,38,-0.996250,0.000000,200
greedy,proportional,39,-0.992500,0.000000,200
greedy,proportional,40,0.003750,0.000000,200
greedy,proportional,41,-0.996250,0.000000,200
greedy,proportional,42,-0.992500,0.000000,200
greedy,proportional,43,0.003750,0.000000,200
greedy,proportional,44,-0.996250,0.000000,200
greedy,proportional,45,-0.992500,0.000000,200
greedy,proportional,46,0.003750,0.000000,200
greedy,proportional,47,-0.996250,0.000000,200
greedy,proportional,48,-0.992500,0.000000,200
greedy,proportional,49,0.003750,0.000000,200
greedy,proportional,50,-0.996250,0.000000,200
greedy,proportional,51,-0.992500,0.000000,200
greedy,proportional,52,0.003750,0.000000,200
greedy,proportional,53,-0.996250,0.000000,200
greedy,proportional,54,-0.992500,0.000000,200
greedy,proportional,55,0.003750,0.000000,200
greedy,proportional,56,-0.996250,0.000000,200
greedy,proportional,57,-0.992500,0.000000,200
greedy,proportional,58,0.003750,0.000000,200
greedy,proportional,59,-0.996250,0.000000,200
greedy,proportional,60,-0.992500,0.000000,200
greedy,proportional,61,0.003750,0.000000,200
greedy,proportional,62,-0.996250,0.000000,200
greedy,proportional,63,-0.992500,0.000000,200
greedy,proportional,64,0.003750,0.000000,200
greedy,proportional,65,-0.996250,0.000000,200
greedy,proportional,66,-0.992500,0.000000,200
greedy,proportional,67,0.003750,0.000000,200
greedy,proportional,68,-0.996250,0.000000,200
greedy,proportional,69,-0.992500,0.000000,200
greedy,proportional,70,0.003750,0.000000,200
greedy,proportional,71,-0.996250,0.000000,200
greedy,proportional,72,-0.992500,0.000000,200
greedy,proportional,73,0.003750,0.000000,200
greedy,proportional,74,-0.996250,0.000000,200
greedy,proportional,75,-0.992500,0.000000,200
greedy,proportional,76,0.003750,0.000000,200
greedy,proportional,77,-0.996250,0.000000,200
greedy,proportional,78,-0.992500,0.000000,200
greedy,proportional,79,0.003750,0.000000,200
greedy,proportional,80,-0.996250,0.000000,200
greedy,proportional,81,-0.992500,0.000000,200
greedy,proportional,82,0.003750,0.000000,200
greedy,proportional,83,-0.996250,0.000000,200
greedy,proportional,84,-0.992500,0.000000,200
greedy,proportional,85,0.003750,0.000000,200
greedy,proportional,86,-0.996250,0.000000,200
greedy,proportional,87,-0.992500,0.000000,200
greedy,proportional,88,0.003750,0.000000,200
greedy,proportional,89,-0.996250,0.000000,200
greedy,proportional,90,-0.992500,0.000000,200
greedy,proportional,91,0.003750,0.000000,200
greedy,proportional,92,-0.996250,0.000000,200
greedy,proportional,93,-0.992500,0.000000,200
greedy,proportional,94,0.003750,0.000000,200
greedy,proportional,95,-0.996250,0.000000,200
greedy,proportional,96,-0.992500,0.000000,200
greedy,proportional,97,0.003750,0.000000,200
greedy,proportional,98,-0.996250,0.000000,200
greedy,proportional,99,-0.992500,0.000000,200
greedy,proportional,100,0.000000,0.000000,200
floor_0.0,binary,1,0.000000,0.000000,100
floor_0.0,binary,2,0.000000,0.000000,100
floor_0.0,binary,3,0.000000,0.000000,100
floor_0.0,binary,4,0.000000,0.000000,100
floor_0.0,binary,5,0.000000,0.000000,100
floor_0.0,binary,6,-2.500000,0.000000,100
floor_0.0,binary,7,-2.500000,0.000000,100
floor_0.0,binary,8,-2.500000,0.000000,100
floor_0.0,binary,9,-2.500000,0.000000,100
floor_0.0,binary,10,-2.500000,0.000000,100
floor_0.0,binary,11,-2.500000,0.000000,100
floor_0.0,binary,12,-2.500000,0.000000,100
floor_0.0,binary,13,-2.500000,0.000000,100
floor_0.0,binary,14,-2.500000,0.000000,100
floor_0.0,binary,15,-2.500000,0.000000,100
floor_0.0,binary,16,-2.500000,0.000000,100
floor_0.0,binary,17,-2.500000,0.000000,100
floor_0.0,binary,18,-2.500000,0.000000,100
floor_0.0,binary,19,-2.500000,0.000000,100
floor_0.0,binary,20,-2.500000,0.000000,100
floor_0.0,binary,21,-2.500000,0.000000,100
floor_0.0,binary,22,-2.500000,0.000000,100
floor_0.0,binary,23,-2.500000,0.000000,100
floor_0.0,binary,24,-2.500000,0.000000,100
floor_0.0,binary,25,-2.500000,0.000000,100
floor_0.0,binary,26,-2.500000,0.000000,100
floor_0.0,binary,27,-2.500000,0.000000,100
floor_0.0,binary,28,-2.500000,0.000000,100
floor_0.0,binary,29,-2.500000,0.000000,100
floor_0.0,binary,30,-2.500000,0.000000,100
floor_0.0,binary,31,-2.500000,0.000000,100
floor_0.0,binary,32,-2.500000,0.000000,100
floor_0.0,binary,33,-2.500000,0.000000,100
floor_0.0,binary,34,-2.500000,0.000000,100
floor_0.0,binary,35,-2.500000,0.000000,100
floor_0.0,binary,36,-2.500000,0.000000,100
floor_0.0,binary,37,-2.500000,0.000000,100
floor_0.0,binary,38,-2.500000,0.000000,100
floor_0.0,binary,39,-2.500000,0.000000,100
floor_0.0,binary,40,-2.500000,0.000000,100
floor_0.0,binary,41,-2.500000,0.000000,100
floor_0.0,binary,42,-2.500000,0.000000,100
floor_0.0,binary,43,-2.500000,0.000000,100
floor_0.0,binary,44,-2.500000,0.000000,100
floor_0.0,binary,45,-2.500000,0.000000,100
floor_0.0,binary,46,-2.500000,0.000000,100
floor_0.0,binary,47,-2.500000,0.000000,100
floor_0.0,binary,48,-2.500000,0.000000,100
floor_0.0,binary,49,-2.500000,0.000000,100
floor_0.0,binary,50,-2.500000,0.000000,100
floor_0.0,binary,51,-2.500000,0.000000,100
floor_0.0,binary,52,-2.500000,0.000000,100
floor_0.0,binary,53,-2.500000,0.000000,100
floor_0.0,binary,54,-2.500000,0.000000,100
floor_0.0,binary,55,-2.500000,0.000000,100
floor_0.0,binary,56,-2.500000,0.000000,100
floor_0.0,binary,57,-2.500000,0.000000,100
floor_0.0,binary,58,-2.500000,0.000000,100
floor_0.0,binary,59,-2.500000,0.000000,100
floor_0.0,binary,60,-2.500000,0.000000,100
floor_0.0,binary,61,-2.500000,0.000000,100
floor_0.0,binary,62,-2.500000,0.000000,100
floor_0.0,binary,63,-2.500000,0.000000,100
floor_0.0,binary,64,-2.500000,0.000000,100
floor_0.0,binary,65,-2.500000,0.000000,100
floor_0.0,binary,66,-2.500000,0.000000,100
floor_0.0,binary,67,-2.500000,0.000000,100
floor_0.0,binary,68,-2.500000,0.000000,100
floor_0.0,binary,69,-2.500000,0.000000,100
floor_0.0,binary,70,-2.500000,0.000000,100
floor_0.0,binary,71,-2.500000,0.000000,100
floor_0.0,binary,72,-2.500000,0.000000,100
floor_0.0,binary,73,-2.500000,0.000000,100
floor_0.0,binary,74,-2.500000,0.000000,100
floor_0.0,binary,75,-2.500000,0.000000,100
floor_0.0,binary,76,-2.500000,0.000000,100
floor_0.0,binary,77,-2.500000,0.000000,100
floor_0.0,binary,78,-2.500000,0.000000,100
floor_0.0,binary,79,-2.500000,0.000000,100
floor_0.0,binary,80,-2.500000,0.000000,100
floor_0.0,binary,81,-2.500000,0.000000,100
floor_0.0,binary,82,-2.500000,0.000000,100
floor_0.0,binary,83,-2.500000,0.000000,100
floor_0.0,binary,84,-2.500000,0.000000,100
floor_0.0,binary,85,-2.500000,0.000000,100
floor_0.0,binary,86,-2.500000,0.000000,100
floor_0.0,binary,87,-2.500000,0.000000,100
floor_0.0,binary,88,-2.500000,0.000000,100
floor_0.0,binary,89,-2.500000,0.000000,100
floor_0.0,binary,90,-2.500000,0.000000,100
floor_0.0,binary,91,-2.500000,0.000000,100
floor_0.0,binary,92,-2.500000,0.000000,100
floor_0.0,binary,93,-2.500000,0.000000,100
floor_0.0,binary,94,-2.500000,0.000000,100
floor_0.0,binary,95,-2.500000,0.000000,100
floor_0.0,binary,96,-2.500000,0.000000,100
floor_0.0,binary,97,-2.500000,0.000000,100
floor_0.0,binary,98,-2.500000,0.000000,100
floor_0.0,binary,99,-2.500000,0.000000,100
floor_0.0,binary,100,-2.500000,0.000000,100
floor_0.1,binary,1,0.000000,0.000000,100
floor_0.1,binary,2,0.000000,0.000000,100
floor_0.1,binary,3,0.000000,0.000000,100
floor_0.1,binary,4,0.000000,0.000000,100
floor_0.1,binary,5,0.000000,0.000000,100
floor_0.1,binary,6,-2.500000,0.000000,100
floor_0.1,binary,7,-2.500000,0.000000,100
floor_0.1,binary,8,-2.500000,0.000000,100
floor_0.1,binary,9,-2.500000,0.000000,100
floor_0.1,binary,10,-2.500000,0.000000,100
floor_0.1,binary,11,-2.500000,0.000000,100
floor_0.1,binary,12,-2.500000,0.000000,100
floor_0.1,binary,13,-2.500000,0.000000,100
floor_0.1,binary,14,-2.500000,0.000000,100
floor_0.1,binary,15,-2.500000,0.000000,100
floor_0.1,binary,16,-2.500000,0.000000,100
floor_0.1,binary,17,-2.500000,0.000000,100
floor_0.1,binary,18,-2.500000,0.000000,100
floor_0.1,binary,19,-2.500000,0.000000,100
floor_0.1,binary,20,-2.500000,0.000000,100
floor_0.1,binary,21,-2.500000,0.000000,100
floor_0.1,binary,22,-2.500000,0.000000,100
floor_0.1,binary,23,-2.500000,0.000000,100
floor_0.1,binary,24,-2.500000,0.000000,100
floor_0.1,binary,25,-2.500000,0.000000,100
floor_0.1,binary,26,-2.500000,0.000000,100
floor_0.1,binary,27,-2.500000,0.000000,100
floor_0.1,binary,28,-2.500000,0.000000,100
floor_0.1,binary,29,-2.500000,0.000000,100
floor_0.1,binary,30,-2.500000,0.000000,100
floor_0.1,binary,31,-2.500000,0.000000,100
floor_0.1,binary,32,-2.500000,0.000000,100
floor_0.1,binary,33,-2.500000,0.000000,100
floor_0.1,binary,34,-2.500000,0.000000,100
floor_0.1,binary,35,-2.500000,0.000000,100
floor_0.1,binary,36,-2.500000,0.000000,100
floor_0.1,binary,37,-2.500000,0.000000,100
floor_0.1,binary,38,-2.500000,0.000000,100
floor_0.1,binary,39,-2.500000,0.000000,100
floor_0.1,binary,40,-2.500000,0.000000,100
floor_0.1,binary,41,-2.500000,0.000000,100
floor_0.1,binary,42,-2.500000,0.000000,100
floor_0.1,binary,43,-2.500000,0.000000,100
floor_0.1,binary,44,-2.500000,0.000000,100
floor_0.1,binary,45,-2.500000,0.000000,100
floor_0.1,binary,46,-2.500000,0.000000,100
floor_0.1,binary,47,-2.500000,0.000000,100
floor_0.1,binary,48,-2.500000,0.000000,100
floor_0.1,binary,49,-2.500000,0.000000,100
floor_0.1,binary,50,-2.500000,0.000000,100
floor_0.1,binary,51,-2.500000,0.000000,100
floor_0.1,binary,52,-2.500000,0.000000,100
floor_0.1,binary,53,-2.500000,0.000000,100
floor_0.1,binary,54,-2.500000,0.000000,100
floor_0.1,binary,55,-2.500000,0.000000,100
floor_0.1,binary,56,-2.500000,0.000000,100
floor_0.1,binary,57,-2.500000,0.000000,100
floor_0.1,binary,58,-2.500000,0.000000,100
floor_0.1,binary,59,-2.500000,0.000000,100
floor_0.1,binary,60,-2.500000,0.000000,100
floor_0.1,binary,61,-2.500000,0.000000,100
floor_0.1,binary,62,-2.500000,0.000000,100
floor_0.1,binary,63,-2.500000,0.000000,100
floor_0.1,binary,64,-2.500000,0.000000,100
floor_0.1,binary,65,-2.500000,0.000000,100
floor_0.1,binary,66,-2.500000,0.000000,100
floor_0.1,binary,67,-2.500000,0.000000,100
floor_0.1,binary,68,-2.500000,0.000000,100
floor_0.1,binary,69,-2.500000,0.000000,100
floor_0.1,binary,70,-2.500000,0.000000,100
floor_0.1,binary,71,-2.500000,0.000000,100
floor_0.1,binary,72,-2.500000,0.000000,100
floor_0.1,binary,73,-2.500000,0.000000,100
floor_0.1,binary,74,-2.500000,0.000000,100
floor_0.1,binary,75,-2.500000,0.000000,100
floor_0.1,binary,76,-2.500000,0.000000,100
floor_0.1,binary,77,-2.500000,0.000000,100
floor_0.1,binary,78,-2.500000,0.000000,100
floor_0.1,binary,79,-2.500000,0.000000,100
floor_0.1,binary,80,-2.500000,0.000000,100
floor_0.1,binary,81,-2.500000,0.000000,100
floor_0.1,binary,82,-2.500000,0.000000,100
floor_0.1,binary,83,-2.500000,0.000000,100
floor_0.1,binary,84,-2.500000,0.000000,100
floor_0.1,binary,85,-2.500000,0.000000,100
floor_0.1,binary,86,-2.500000,0.000000,100
floor_0.1,binary,87,-2.500000,0.000000,100
floor_0.1,binary,88,-2.500000,0.000000,100
floor_0.1,binary,89,-2.500000,0.000000,100
floor_0.1,binary,90,-2.500000,0.000000,100
floor_0.1,binary,91,-2.500000,0.000000,100
floor_0.1,binary,92,-2.500000,0.000000,100
floor_0.1,binary,93,-2.500000,0.000000,100
floor_0.1,binary,94,-2.500000,0.000000,100
floor_0.1,binary,95,-2.500000,0.000000,100
floor_0.1,binary,96,-2.500000,0.000000,100
floor_0.1,binary,97,-2.500000,0.000000,100
floor_0.1,binary,98,-2.500000,0.000000,100
floor_0.1,binary,99,-2.500000,0.000000,100
floor_0.1,binary,100,-2.500000,0.000000,100
floor_0.2,binary,1,0.000000,0.000000,100
floor_0.2,binary,2,0.000000,0.000000,100
floor_0.2,binary,3,0.000000,0.000000,100
floor_0.2,binary,4,0.000000,0.000000,100
floor_0.2,binary,5,0.000000,0.000000,100
floor_0.2,binary,6,-2.500000,0.000000,100
floor_0.2,binary,7,-2.500000,0.000000,100
floor_0.2,binary,8,-2.500000,0.000000,100
floor_0.2,binary,9,-2.500000,0.000000,100
floor_0.2,binary,10,-2.500000,0.000000,100
floor_0.2,binary,11,-2.500000,0.000000,100
floor_0.2,binary,12,-2.500000,0.000000,100
floor_0.2,binary,13,-2.500000,0.000000,100
floor_0.2,binary,14,-2.500000,0.000000,100
floor_0.2,binary,15,-2.500000,0.000000,100
floor_0.2,binary,16,-2.500000,0.000000,100
floor_0.2,binary,17,-2.500000,0.000000,100
floor_0.2,binary,18,-2.500000,0.000000,100
floor_0.2,binary,19,-2.500000,0.000000,100
floor_0.2,binary,20,-2.500000,0.000000,100
floor_0.2,binary,21,-2.500000,0.000000,100
floor_0.2,binary,22,-2.500000,0.000000,100
floor_0.2,binary,23,-2.500000,0.000000,100
floor_0.2,binary,24,-2.500000,0.000000,100
floor_0.2,binary,25,-2.500000,0.000000,100
floor_0.2,binary,26,-2.500000,0.000000,100
floor_0.2,binary,27,-2.500000,0.000000,100
floor_0.2,binary,28,-2.500000,0.000000,100
floor_0.2,binary,29,-2.500000,0.000000,100
floor_0.2,binary,30,-2.500000,0.000000,100
floor_0.2,binary,31,-2.500000,0.000000,100
floor_0.2,binary,32,-2.500000,0.000000,100
floor_0.2,binary,33,-2.500000,0.000000,100
floor_0.2,binary,34,-2.500000,0.000000,100
floor_0.2,binary,35,-2.500000,0.000000,100
floor_0.2,binary,36,-2.500000,0.000000,100
floor_0.2,binary,37,-2.500000,0.000000,100
floor_0.2,binary,38,-2.500000,0.000000,100
floor_0.2,binary,39,-2.500000,0.000000,100
floor_0.2,binary,40,-2.500000,0.000000,100
floor_0.2,binary,41,-2.500000,0.000000,100
floor_0.2,binary,42,-2.500000,0.000000,100
floor_0.2,binary,43,-2.500000,0.000000,100
floor_0.2,binary,44,-2.500000,0.000000,100
floor_0.2,binary,45,-2.500000,0.000000,100
floor_0.2,binary,46,-2.500000,0.000000,100
floor_0.2,binary,47,-2.500000,0.000000,100
floor_0.2,binary,48,-2.500000,0.000000,100
floor_0.2,binary,49,-2.500000,0.000000,100
floor_0.2,binary,50,-2.500000,0.000000,100
floor_0.2,binary,51,-2.500000,0.000000,100
floor_0.2,binary,52,-2.500000,0.000000,100
floor_0.2,binary,53,-2.500000,0.000000,100
floor_0.2,binary,54,-2.500000,0.000000,100
floor_0.2,binary,55,-2.500000,0.000000,100
floor_0.2,binary,56,-2.500000,0.000000,100
floor_0.2,binary,57,-2.500000,0.000000,100
floor_0.2,binary,58,-2.500000,0.000000,100
floor_0.2,binary,59,-2.500000,0.000000,100
floor_0.2,binary,60,-2.500000,0.000000,100
floor_0.2,binary,61,-2.500000,0.000000,100
floor_0.2,binary,62,-2.500000,0.000000,100
floor_0.2,binary,63,-2.500000,0.000000,100
floor_0.2,binary,64,-2.500000,0.000000,100
floor_0.2,binary,65,-2.500000,0.000000,100
floor_0.2,binary,66,-2.500000,0.000000,100
floor_0.2,binary,67,-2.500000,0.000000,100
floor_0.2,binary,68,-2.500000,0.000000,100
floor_0.2,binary,69,-2.500000,0.000000,100
floor_0.2,binary,70,-2.500000,0.000000,100
floor_0.2,binary,71,-2.500000,0.000000,100
floor_0.2,binary,72,-2.500000,0.000000,100
floor_0.2,binary,73,-2.500000,0.000000,100
floor_0.2,binary,74,-2.500000,0.000000,100
floor_0.2,binary,75,-2.500000,0.000000,100
floor_0.2,binary,76,-2.500000,0.000000,100
floor_0.2,binary,77,-2.500000,0.000000,100
floor_0.2,binary,78,-2.500000,0.000000,100
floor_0.2,binary,79,-2.500000,0.000000,100
floor_0.2,binary,80,-2.500000,0.000000,100
floor_0.2,binary,81,-2.500000,0.000000,100
floor_0.2,binary,82,-2.500000,0.000000,100
floor_0.2,binary,83,-2.500000,0.000000,100
floor_0.2,binary,84,-2.500000,0.000000,100
floor_0.2,binary,85,-2.500000,0.000000,100
floor_0.2,binary,86,-2.500000,0.000000,100
floor_0.2,binary,87,-2.500000,0.000000,100
floor_0.2,binary,88,-2.500000,0.000000,100
floor_0.2,binary,89,-2.500000,0.000000,100
floor_0.2,binary,90,-2.500000,0.000000,100
floor_0.2,binary,91,-2.500000,0.000000,100
floor_0.2,binary,92,-2.500000,0.000000,100
floor_0.2,binary,93,-2.500000,0.000000,100
floor_0.2,binary,94,-2.500000,0.000000,100
floor_0.2,binary,95,-2.500000,0.000000,100
floor_0.2,binary,96,-2.500000,0.000000,100
floor_0.2,binary,97,-2.500000,0.000000,100
floor_0.2,binary,98,-2.500000,0.000000,100
floor_0.2,binary,99,-2.500000,0.000000,100
floor_0.2,binary,100,-2.500000,0.000000,100
floor_0.3,binary,1,0.000000,0.000000,100
floor_0.3,binary,2,0.000000,0.000000,100
floor_0.3,binary,3,0.000000,0.000000,100
floor_0.3,binary,4,0.000000,0.000000,100
floor_0.3,binary,5,0.000000,0.000000,100
floor_0.3,binary,6,-2.500000,0.000000,100
floor_0.3,binary,7,-2.500000,0.000000,100
floor_0.3,binary,8,-2.500000,0.000000,100
floor_0.3,binary,9,-2.500000,0.000000,100
floor_0.3,binary,10,-2.500000,0.000000,100
floor_0.3,binary,11,-2.500000,0.000000,100
floor_0.3,binary,12,-2.500000,0.000000,100
floor_0.3,binary,13,-2.500000,0.000000,100
floor_0.3,binary,14,-2.500000,0.000000,100
floor_0.3,binary,15,-2.500000,0.000000,100
floor_0.3,binary,16,-2.500000,0.000000,100
floor_0.3,binary,17,-2.500000,0.000000,100
floor_0.3,binary,18,-2.500000,0.000000,100
floor_0.3,binary,19,-2.500000,0.000000,100
floor_0.3,binary,20,-2.500000,0.000000,100
floor_0.3,binary,21,-2.500000,0.000000,100
floor_0.3,binary,22,-2.500000,0.000000,100
floor_0.3,binary,23,-2.500000,0.000000,100
floor_0.3,binary,24,-2.500000,0.000000,100
floor_0.3,binary,25,-2.500000,0.000000,100
floor_0.3,binary,26,-2.500000,0.000000,100
floor_0.3,binary,27,-2.500000,0.000000,100
floor_0.3,binary,28,-2.500000,0.000000,100
floor_0.3,binary,29,-2.500000,0.000000,100
floor_0.3,binary,30,-2.500000,0.000000,100
floor_0.3,binary,31,-2.500000,0.000000,100
floor_0.3,binary,32,-2.500000,0.000000,100
floor_0.3,binary,33,-2.500000,0.000000,100
floor_0.3,binary,34,-2.500000,0.000000,100
floor_0.3,binary,35,-2.500000,0.000000,100
floor_0.3,binary,36,-2.500000,0.000000,100
floor_0.3,binary,37,-2.500000,0.000000,100
floor_0.3,binary,38,-2.500000,0.000000,100
floor_0.3,binary,39,-2.500000,0.000000,100
floor_0.3,binary,40,-2.500000,0.000000,100
floor_0.3,binary,41,-2.500000,0.000000,100
floor_0.3,binary,42,-2.500000,0.000000,100
floor_0.3,binary,43,-2.500000,0.000000,100
floor_0.3,binary,44,-2.500000,0.000000,100
floor_0.3,binary,45,-2.500000,0.000000,100
floor_0.3,binary,46,-2.500000,0.000000,100
floor_0.3,binary,47,-2.500000,0.000000,100
floor_0.3,binary,48,-2.500000,0.000000,100
floor_0.3,binary,49,-2.500000,0.000000,100
floor_0.3,binary,50,-2.500000,0.000000,100
floor_0.3,binary,51,-2.500000,0.000000,100
floor_0.3,binary,52,-2.500000,0.000000,100
floor_0.3,binary,53,-2.500000,0.000000,100
floor_0.3,binary,54,-2.500000,0.000000,100
floor_0.3,binary,55,-2.500000,0.000000,100
floor_0.3,binary,56,-2.500000,0.000000,100
floor_0.3,binary,57,-2.500000,0.000000,100
floor_0.3,binary,58,-2.500000,0.000000,100
floor_0.3,binary,59,-2.500000,0.000000,100
floor_0.3,binary,60,-2.500000,0.000000,100
floor_0.3,binary,61,-2.500000,0.000000,100
floor_0.3,binary,62,-2.500000,0.000000,100
floor_0.3,binary,63,-2.500000,0.000000,100
floor_0.3,binary,64,-2.500000,0.000000,100
floor_0.3,binary,65,-2.500000,0.000000,100
floor_0.3,binary,66,-2.500000,0.000000,100
floor_0.3,binary,67,-2.500000,0.000000,100
floor_0.3,binary,68,-2.500000,0.000000,100
floor_0.3,binary,69,-2.500000,0.000000,100
floor_0.3,binary,70,-2.500000,0.000000,100
floor_0.3,binary,71,-2.500000,0.000000,100
floor_0.3,binary,72,-2.500000,0.000000,100
floor_0.3,binary,73,-2.500000,0.000000,100
floor_0.3,binary,74,-2.500000,0.000000,100
floor_0.3,binary,75,-2.500000,0.000000,100
floor_0.3,binary,76,-2.500000,0.000000,100
floor_0.3,binary,77,-2.500000,0.000000,100
floor_0.3,binary,78,-2.500000,0.000000,100
floor_0.3,binary,79,-2.500000,0.000000,100
floor_0.3,binary,80,-2.500000,0.000000,100
floor_0.3,binary,81,-2.500000,0.000000,100
floor_0.3,binary,82,-2.500000,0.000000,100
floor_0.3,binary,83,-2.500000,0.000000,100
floor_0.3,binary,84,-2.500000,0.000000,100
floor_0.3,binary,85,-2.500000,0.000000,100
floor_0.3,binary,86,-2.500000,0.000000,100
floor_0.3,binary,87,-2.500000,0.000000,100
floor_0.3,binary,88,-2.500000,0.000000,100
floor_0.3,binary,89,-2.500000,0.000000,100
floor_0.3,binary,90,-2.500000,0.000000,100
floor_0.3,binary,91,-2.500000,0.000000,100
floor_0.3,binary,92,-2.500000,0.000000,100
floor_0.3,binary,93,-2.500000,0.000000,100
floor_0.3,binary,94,-2.500000,0.000000,100
floor_0.3,binary,95,-2.500000,0.000000,100
floor_0.3,binary,96,-2.500000,0.000000,100
floor_0.3,binary,97,-2.500000,0.000000,100
floor_0.3,binary,98,-2.500000,0.000000,100
floor_0.3,binary,99,-2.500000,0.000000,100
floor_0.3,binary,100,-2.500000,0.000000,100
floor_0.0,proportional,1,0.007500,0.000000,100
floor_0.0,proportional,2,-0.996250,0.000000,100
floor_0.0,proportional,3,0.003750,0.000000,100
floor_0.0,proportional,4,0.003750,0.000000,100
floor_0.0,proportional,5,0.003750,0.000000,100
floor_0.0,proportional,6,-0.158250,0.000000,100
floor_0.0,proportional,7,-0.320250,0.000000,100
floor_0.0,proportional,8,-0.482250,0.000000,100
floor_0.0,proportional,9,-0.644250,0.000000,100
floor_0.0,proportional,10,-0.806250,0.000000,100
floor_0.0,proportional,11,-0.968250,0.000000,100
floor_0.0,proportional,12,-1.130250,0.000000,100
floor_0.0,proportional,13,-1.292250,0.000000,100
floor_0.0,proportional,14,-1.454250,0.000000,100
floor_0.0,proportional,15,-1.616250,0.000000,100
floor_0.0,proportional,16,-1.778250,0.000000,100
floor_0.0,proportional,17,-1.940250,0.000000,100
floor_0.0,proportional,18,-1.996250,0.000000,100
floor_0.0,proportional,19,-1.996250,0.000000,100
floor_0.0,proportional,20,-1.996250,0.000000,100
floor_0.0,proportional,21,-1.996250,0.000000,100
floor_0.0,proportional,22,-1.996250,0.000000,100
floor_0.0,proportional,23,-1.996250,0.000000,100
floor_0.0,proportional,24,-1.996250,0.000000,100
floor_0.0,proportional,25,-1.996250,0.000000,100
floor_0.0,proportional,26,-1.996250,0.000000,100
floor_0.0,proportional,27,-1.996250,0.000000,100
floor_0.0,proportional,28,-1.996250,0.000000,100
floor_0.0,proportional,29,-1.996250,0.000000,100
floor_0.0,proportional,30,-1.996250,0.000000,100
floor_0.0,proportional,31,-1.996250,0.000000,100
floor_0.0,proportional,32,-1.996250,0.000000,100
floor_0.0,proportional,33,-1.996250,0.000000,100
floor_0.0,proportional,34,-1.996250,0.000000,100
floor_0.0,proportional,35,-1.996250,0.000000,100
floor_0.0,proportional,36,-1.996250,0.000000,100
floor_0.0,proportional,37,-1.996250,0.000000,100
floor_0.0,proportional,38,-1.996250,0.000000,100
floor_0.0,proportional,39,-1.996250,0.000000,100
floor_0.0,proportional,40,-1.996250,0.000000,100
floor_0.0,proportional,41,-1.996250,0.000000,100
floor_0.0,proportional,42,-1.996250,0.000000,100
floor_0.0,proportional,43,-1.996250,0.000000,100
floor_0.0,proportional,44,-1.996250,0.000000,100
floor_0.0,proportional,45,-1.996250,0.000000,100
floor_0.0,proportional,46,-1.996250,0.000000,100
floor_0.0,proportional,47,-1.996250,0.000000,100
floor_0.0,proportional,48,-1.996250,0.000000,100
floor_0.0,proportional,49,-1.996250,0.000000,100
floor_0.0,proportional,50,-1.996250,0.000000,100
floor_0.0,proportional,51,-1.996250,0.000000,100
floor_0.0,proportional,52,-1.996250,0.000000,100
floor_0.0,proportional,53,-1.996250,0.000000,100
floor_0.0,proportional,54,-1.996250,0.000000,100
floor_0.0,proportional,55,-1.996250,0.000000,100
floor_0.0,proportional,56,-1.996250,0.000000,100
floor_0.0,proportional,57,-1.996250,0.000000,100
floor_0.0,proportional,58,-1.996250,0.000000,100
floor_0.0,proportional,59,-1.996250,0.000000,100
floor_0.0,proportional,60,-1.996250,0.000000,100
floor_0.0,proportional,61,-1.996250,0.000000,100
floor_0.0,proportional,62,-1.996250,0.000000,100
floor_0.0,proportional,63,-1.996250,0.000000,100
floor_0.0,proportional,64,-1.996250,0.000000,100
floor_0.0,proportional,65,-1.996250,0.000000,100
floor_0.0,proportional,66,-1.996250,0.000000,100
floor_0.0,proportional,67,-1.996250,0.000000,100
floor_0.0,proportional,68,-1.996250,0.000000,100
floor_0.0,proportional,69,-1.996250,0.000000,100
floor_0.0,proportional,70,-1.996250,0.000000,100
floor_0.0,proportional,71,-1.996250,0.000000,100
floor_0.0,proportional,72,-1.996250,0.000000,100
floor_0.0,proportional,73,-1.996250,0.000000,100
floor_0.0,proportional,74,-1.996250,0.000000,100
floor_0.0,proportional,75,-1.996250,0.000000,100
floor_0.0,proportional,76,-1.996250,0.000000,100
floor_0.0,proportional,77,-1.996250,0.000000,100
floor_0.0,proportional,78,-1.996250,0.000000,100
floor_0.0,proportional,79,-1.996250,0.000000,100
floor_0.0,proportional,80,-1.996250,0.000000,100
floor_0.0,proportional,81,-1.996250,0.000000,100
floor_0.0,proportional,82,-1.996250,0.000000,100
floor_0.0,proportional,83,-1.996250,0.000000,100
floor_0.0,proportional,84,-1.996250,0.000000,100
floor_0.0,proportional,85,-1.996250,0.000000,100
floor_0.0,proportional,86,-1.996250,0.000000,100
floor_0.0,proportional,87,-1.996250,0.000000,100
floor_0.0,proportional,88,-1.996250,0.000000,100
floor_0.0,proportional,89,-1.996250,0.000000,100
floor_0.0,proportional,90,-1.996250,0.000000,100
floor_0.0,proportional,91,-1.996250,0.000000,100
floor_0.0,proportional,92,-1.996250,0.000000,100
floor_0.0,proportional,93,-1.996250,0.000000,100
floor_0.0,proportional,94,-1.996250,0.000000,100
floor_0.0,proportional,95,-1.996250,0.000000,100
floor_0.0,proportional,96,-1.996250,0.000000,100
floor_0.0,proportional,97,-1.996250,0.000000,100
floor_0.0,proportional,98,-1.996250,0.000000,100
floor_0.0,proportional,99,-1.996250,0.000000,100
floor_0.0,proportional,100,-2.000000,0.000000,100
floor_0.1,proportional,1,0.007500,0.000000,100
floor_0.1,proportional,2,-0.996250,0.000000,100
floor_0.1,proportional,3,0.003750,0.000000,100
floor_0.1,proportional,4,0.003750,0.000000,100
floor_0.1,proportional,5,0.003750,0.000000,100
floor_0.1,proportional,6,-0.158250,0.000000,100
floor_0.1,proportional,7,-0.320250,0.000000,100
floor_0.1,proportional,8,-0.482250,0.000000,100
floor_0.1,proportional,9,-0.644250,0.000000,100
floor_0.1,proportional,10,-0.806250,0.000000,100
floor_0.1,proportional,11,-0.968250,0.000000,100
floor_0.1,proportional,12,-1.130250,0.000000,100
floor_0.1,proportional,13,-1.292250,0.000000,100
floor_0.1,proportional,14,-1.454250,0.000000,100
floor_0.1,proportional,15,-1.616250,0.000000,100
floor_0.1,proportional,16,-1.778250,0.000000,100
floor_0.1,proportional,17,-1.796250,0.000000,100
floor_0.1,proportional,18,-1.796250,0.000000,100
floor_0.1,proportional,19,-1.796250,0.000000,100
floor_0.1,proportional,20,-1.796250,0.000000,100
floor_0.1,proportional,21,-1.796250,0.000000,100
floor_0.1,proportional,22,-1.796250,0.000000,100
floor_0.1,proportional,23,-1.796250,0.000000,100
floor_0.1,proportional,24,-1.796250,0.000000,100
floor_0.1,proportional,25,-1.796250,0.000000,100
floor_0.1,proportional,26,-1.796250,0.000000,100
floor_0.1,proportional,27,-1.796250,0.000000,100
floor_0.1,proportional,28,-1.796250,0.000000,100
floor_0.1,proportional,29,-1.796250,0.000000,100
floor_0.1,proportional,30,-1.796250,0.000000,100
floor_0.1,proportional,31,-1.796250,0.000000,100
floor_0.1,proportional,32,-1.796250,0.000000,100
floor_0.1,proportional,33,-1.796250,0.000000,100
floor_0.1,proportional,34,-1.796250,0.000000,100
floor_0.1,proportional,35,-1.796250,0.000000,100
floor_0.1,proportional,36,-1.796250,0.000000,100
floor_0.1,proportional,37,-1.796250,0.000000,100
floor_0.1,proportional,38,-1.796250,0.000000,100
floor_0.1,proportional,39,-1.796250,0.000000,100
floor_0.1,proportional,40,-1.796250,0.000000,100
floor_0.1,proportional,41,-1.796250,0.000000,100
floor_0.1,proportional,42,-1.796250,0.000000,100
floor_0.1,proportional,43,-1.796250,0.000000,100
floor_0.1,proportional,44,-1.796250,0.000000,100
floor_0.1,proportional,45,-1.796250,0.000000,100
floor_0.1,proportional,46,-1.796250,0.000000,100
floor_0.1,proportional,47,-1.796250,0.000000,100
floor_0.1,proportional,48,-1.796250,0.000000,100
floor_0.1,proportional,49,-1.796250,0.000000,100
floor_0.1,proportional,50,-1.796250,0.000000,100
floor_0.1,proportional,51,-1.796250,0.000000,100
floor_0.1,proportional,52,-1.796250,0.000000,100
floor_0.1,proportional,53,-1.796250,0.000000,100
floor_0.1,proportional,54,-1.796250,0.000000,100
floor_0.1,proportional,55,-1.796250,0.000000,100
floor_0.1,proportional,56,-1.796250,0.000000,100
floor_0.1,proportional,57,-1.796250,0.000000,100
floor_0.1,proportional,58,-1.796250,0.000000,100
floor_0.1,proportional,59,-1.796250,0.000000,100
floor_0.1,proportional,60,-1.796250,0.000000,100
floor_0.1,proportional,61,-1.796250,0.000000,100
floor_0.1,proportional,62,-1.796250,0.000000,100
floor_0.1,proportional,63,-1.796250,0.000000,100
floor_0.1,proportional,64,-1.796250,0.000000,100
floor_0.1,proportional,65,-1.796250,0.000000,100
floor_0.1,proportional,66,-1.796250,0.000000,100
floor_0.1,proportional,67,-1.796250,0.000000,100
floor_0.1,proportional,68,-1.796250,0.000000,100
floor_0.1,proportional,69,-1.796250,0.000000,100
floor_0.1,proportional,70,-1.796250,0.000000,100
floor_0.1,proportional,71,-1.796250,0.000000,100
floor_0.1,proportional,72,-1.796250,0.000000,100
floor_0.1,proportional,73,-1.796250,0.000000,100
floor_0.1,proportional,74,-1.796250,0.000000,100
floor_0.1,proportional,75,-1.796250,0.000000,100
floor_0.1,proportional,76,-1.796250,0.000000,100
floor_0.1,proportional,77,-1.796250,0.000000,100
floor_0.1,proportional,78,-1.796250,0.000000,100
floor_0.1,proportional,79,-1.796250,0.000000,100
floor_0.1,proportional,80,-1.796250,0.000000,100
floor_0.1,proportional,81,-1.796250,0.000000,100
floor_0.1,proportional,82,-1.796250,0.000000,100
floor_0.1,proportional,83,-1.796250,0.000000,100
floor_0.1,proportional,84,-1.796250,0.000000,100
floor_0.1,proportional,85,-1.796250,0.000000,100
floor_0.1,proportional,86,-1.796250,0.000000,100
floor_0.1,proportional,87,-1.796250,0.000000,100
floor_0.1,proportional,88,-1.796250,0.000000,100
floor_0.1,proportional,89,-1.796250,0.000000,100
floor_0.1,proportional,90,-1.796250,0.000000,100
floor_0.1,proportional,91,-1.796250,0.000000,100
floor_0.1,proportional,92,-1.796250,0.000000,100
floor_0.1,proportional,93,-1.796250,0.000000,100
floor_0.1,proportional,94,-1.796250,0.000000,100
floor_0.1,proportional,95,-1.796250,0.000000,100
floor_0.1,proportional,96,-1.796250,0.000000,100
floor_0.1,proportional,97,-1.796250,0.000000,100
floor_0.1,proportional,98,-1.796250,0.000000,100
floor_0.1,proportional,99,-1.796250,0.000000,100
floor_0.1,proportional,100,-1.800000,0.000000,100
floor_0.2,proportional,1,0.007500,0.000000,100
floor_0.2,proportional,2,-0.996250,0.000000,100
floor_0.2,proportional,3,0.003750,0.000000,100
floor_0.2,proportional,4,0.003750,0.000000,100
floor_0.2,proportional,5,0.003750,0.000000,100
floor_0.2,proportional,6,-0.158250,0.000000,100
floor_0.2,proportional,7,-0.320250,0.000000,100
floor_0.2,proportional,8,-0.482250,0.000000,100
floor_0.2,proportional,9,-0.644250,0.000000,100
floor_0.2,proportional,10,-0.806250,0.000000,100
floor_0.2,proportional,11,-0.968250,0.000000,100
floor_0.2,proportional,12,-1.130250,0.000000,100
floor_0.2,proportional,13,-1.292250,0.000000,100
floor_0.2,proportional,14,-1.454250,0.000000,100
floor_0.2,proportional,15,-1.596250,0.000000,100
floor_0.2,proportional,16,-1.596250,0.000000,100
floor_0.2,proportional,17,-1.596250,0.000000,100
floor_0.2,proportional,18,-1.596250,0.000000,100
floor_0.2,proportional,19,-1.596250,0.000000,100
floor_0.2,proportional,20,-1.596250,0.000000,100
floor_0.2,proportional,21,-1.596250,0.000000,100
floor_0.2,proportional,22,-1.596250,0.000000,100
floor_0.2,proportional,23,-1.596250,0.000000,100
floor_0.2,proportional,24,-1.596250,0.000000,100
floor_0.2,proportional,25,-1.596250,0.000000,100
floor_0.2,proportional,26,-1.596250,0.000000,100
floor_0.2,proportional,27,-1.596250,0.000000,100
floor_0.2,proportional,28,-1.596250,0.000000,100
floor_0.2,proportional,29,-1.596250,0.000000,100
floor_0.2,proportional,30,-1.596250,0.000000,100
floor_0.2,proportional,31,-1.596250,0.000000,100
floor_0.2,proportional,32,-1.596250,0.000000,100
floor_0.2,proportional,33,-1.596250,0.000000,100
floor_0.2,proportional,34,-1.596250,0.000000,100
floor_0.2,proportional,35,-1.596250,0.000000,100
floor_0.2,proportional,36,-1.596250,0.000000,100
floor_0.2,proportional,37,-1.596250,0.000000,100
floor_0.2,proportional,38,-1.596250,0.000000,100
floor_0.2,proportional,39,-1.596250,0.000000,100
floor_0.2,proportional,40,-1.596250,0.000000,100
floor_0.2,proportional,41,-1.596250,0.000000,100
floor_0.2,proportional,42,-1.596250,0.000000,100
floor_0.2,proportional,43,-1.596250,0.000000,100
floor_0.2,proportional,44,-1.596250,0.000000,100
floor_0.2,proportional,45,-1.596250,0.000000,100
floor_0.2,proportional,46,-1.596250,0.000000,100
floor_0.2,proportional,47,-1.596250,0.000000,100
floor_0.2,proportional,48,-1.596250,0.000000,100
floor_0.2,proportional,49,-1.596250,0.000000,100
floor_0.2,proportional,50,-1.596250,0.000000,100
floor_0.2,proportional,51,-1.596250,0.000000,100
floor_0.2,proportional,52,-1.596250,0.000000,100
floor_0.2,proportional,53,-1.596250,0.000000,100
floor_0.2,proportional,54,-1.596250,0.000000,100
floor_0.2,proportional,55,-1.596250,0.000000,100
floor_0.2,proportional,56,-1.596250,0.000000,100
floor_0.2,proportional,57,-1.596250,0.000000,100
floor_0.2,proportional,58,-1.596250,0.000000,100
floor_0.2,proportional,59,-1.596250,0.000000,100
floor_0.2,proportional,60,-1.596250,0.000000,100
floor_0.2,proportional,61,-1.596250,0.000000,100
floor_0.2,proportional,62,-1.596250,0.000000,100
floor_0.2,proportional,63,-1.596250,0.000000,100
floor_0.2,proportional,64,-1.596250,0.000000,100
floor_0.2,proportional,65,-1.596250,0.000000,100
floor_0.2,proportional,66,-1.596250,0.000000,100
floor_0.2,proportional,67,-1.596250,0.000000,100
floor_0.2,proportional,68,-1.596250,0.000000,100
floor_0.2,proportional,69,-1.596250,0.000000,100
floor_0.2,proportional,70,-1.596250,0.000000,100
floor_0.2,proportional,71,-1.596250,0.000000,100
floor_0.2,proportional,72,-1.596250,0.000000,100
floor_0.2,proportional,73,-1.596250,0.000000,100
floor_0.2,proportional,74,-1.596250,0.000000,100
floor_0.2,proportional,75,-1.596250,0.000000,100
floor_0.2,proportional,76,-1.596250,0.000000,100
floor_0.2,proportional,77,-1.596250,0.000000,100
floor_0.2,proportional,78,-1.596250,0.000000,100
floor_0.2,proportional,79,-1.596250,0.000000,100
floor_0.2,proportional,80,-1.596250,0.000000,100
floor_0.2,proportional,81,-1.596250,0.000000,100
floor_0.2,proportional,82,-1.596250,0.000000,100
floor_0.2,proportional,83,-1.596250,0.000000,100
floor_0.2,proportional,84,-1.596250,0.000000,100
floor_0.2,proportional,85,-1.596250,0.000000,100
floor_0.2,proportional,86,-1.596250,0.000000,100
floor_0.2,proportional,87,-1.596250,0.000000,100
floor_0.2,proportional,88,-1.596250,0.000000,100
floor_0.2,proportional,89,-1.596250,0.000000,100
floor_0.2,proportional,90,-1.596250,0.000000,100
floor_0.2,proportional,91,-1.596250,0.000000,100
floor_0.2,proportional,92,-1.596250,0.000000,100
floor_0.2,proportional,93,-1.596250,0.000000,100
floor_0.2,proportional,94,-1.596250,0.000000,100
floor_0.2,proportional,95,-1.596250,0.000000,100
floor_0.2,proportional,96,-1.596250,0.000000,100
floor_0.2,proportional,97,-1.596250,0.000000,100
floor_0.2,proportional,98,-1.596250,0.000000,100
floor_0.2,proportional,99,-1.596250,0.000000,100
floor_0.2,proportional,100,-1.600000,0.000000,100
floor_0.3,proportional,1,0.007500,0.000000,100
floor_0.3,proportional,2,-0.996250,0.000000,100
floor_0.3,proportional,3,0.003750,0.000000,100
floor_0.3,proportional,4,0.003750,0.000000,100
floor_0.3,proportional,5,0.003750,0.000000,100
floor_0.3,proportional,6,-0.158250,0.000000,100
floor_0.3,proportional,7,-0.320250,0.000000,100
floor_0.3,proportional,8,-0.482250,0.000000,100
floor_0.3,proportional,9,-0.644250,0.000000,100
floor_0.3,proportional,10,-0.806250,0.000000,100
floor_0.3,proportional,11,-0.968250,0.000000,100
floor_0.3,proportional,12,-1.130250,0.000000,100
floor_0.3,proportional,13,-1.292250,0.000000,100
floor_0.3,proportional,14,-1.396250,0.000000,100
floor_0.3,proportional,15,-1.396250,0.000000,100
floor_0.3,proportional,16,-1.396250,0.000000,100
floor_0.3,proportional,17,-1.396250,0.000000,100
floor_0.3,proportional,18,-1.396250,0.000000,100
floor_0.3,proportional,19,-1.396250,0.000000,100
floor_0.3,proportional,20,-1.396250,0.000000,100
floor_0.3,proportional,21,-1.396250,0.000000,100
floor_0.3,proportional,22,-1.396250,0.000000,100
floor_0.3,proportional,23,-1.396250,0.000000,100
floor_0.3,proportional,24,-1.396250,0.000000,100
floor_0.3,proportional,25,-1.396250,0.000000,100
floor_0.3,proportional,26,-1.396250,0.000000,100
floor_0.3,proportional,27,-1.396250,0.000000,100
floor_0.3,proportional,28,-1.396250,0.000000,100
floor_0.3,proportional,29,-1.396250,0.000000,100
floor_0.3,proportional,30,-1.396250,0.000000,100
floor_0.3,proportional,31,-1.396250,0.000000,100
floor_0.3,proportional,32,-1.396250,0.000000,100
floor_0.3,proportional,33,-1.396250,0.000000,100
floor_0.3,proportional,34,-1.396250,0.000000,100
floor_0.3,proportional,35,-1.396250,0.000000,100
floor_0.3,proportional,36,-1.396250,0.000000,100
floor_0.3,proportional,37,-1.396250,0.000000,100
floor_0.3,proportional,38,-1.396250,0.000000,100
floor_0.3,proportional,39,-1.396250,0.000000,100
floor_0.3,proportional,40,-1.396250,0.000000,100
floor_0.3,proportional,41,-1.396250,0.000000,100
floor_0.3,proportional,42,-1.396250,0.000000,100
floor_0.3,proportional,43,-1.396250,0.000000,100
floor_0.3,proportional,44,-1.396250,0.000000,100
floor_0.3,proportional,45,-1.396250,0.000000,100
floor_0.3,proportional,46,-1.396250,0.000000,100
floor_0.3,proportional,47,-1.396250,0.000000,100
floor_0.3,proportional,48,-1.396250,0.000000,100
floor_0.3,proportional,49,-1.396250,0.000000,100
floor_0.3,proportional,50,-1.396250,0.000000,100
floor_0.3,proportional,51,-1.396250,0.000000,100
floor_0.3,proportional,52,-1.396250,0.000000,100
floor_0.3,proportional,53,-1.396250,0.000000,100
floor_0.3,proportional,54,-1.396250,0.000000,100
floor_0.3,proportional,55,-1.396250,0.000000,100
floor_0.3,proportional,56,-1.396250,0.000000,100
floor_0.3,proportional,57,-1.396250,0.000000,100
floor_0.3,proportional,58,-1.396250,0.000000,100
floor_0.3,proportional,59,-1.396250,0.000000,100
floor_0.3,proportional,60,-1.396250,0.000000,100
floor_0.3,proportional,61,-1.396250,0.000000,100
floor_0.3,proportional,62,-1.396250,0.000000,100
floor_0.3,proportional,63,-1.396250,0.000000,100
floor_0.3,proportional,64,-1.396250,0.000000,100
floor_0.3,proportional,65,-1.396250,0.000000,100
floor_0.3,proportional,66,-1.396250,0.000000,100
floor_0.3,proportional,67,-1.396250,0.000000,100
floor_0.3,proportional,68,-1.396250,0.000000,100
floor_0.3,proportional,69,-1.396250,0.000000,100
floor_0.3,proportional,70,-1.396250,0.000000,100
floor_0.3,proportional,71,-1.396250,0.000000,100
floor_0.3,proportional,72,-1.396250,0.000000,100
floor_0.3,proportional,73,-1.396250,0.000000,100
floor_0.3,proportional,74,-1.396250,0.000000,100
floor_0.3,proportional,75,-1.396250,0.000000,100
floor_0.3,proportional,76,-1.396250,0.000000,100
floor_0.3,proportional,77,-1.396250,0.000000,100
floor_0.3,proportional,78,-1.396250,0.000000,100
floor_0.3,proportional,79,-1.396250,0.000000,100
floor_0.3,proportional,80,-1.396250,0.000000,100
floor_0.3,proportional,81,-1.396250,0.000000,100
floor_0.3,proportional,82,-1.396250,0.000000,100
floor_0.3,proportional,83,-1.396250,0.000000,100
floor_0.3,proportional,84,-1.396250,0.000000,100
floor_0.3,proportional,85,-1.396250,0.000000,100
floor_0.3,proportional,86,-1.396250,0.000000,100
floor_0.3,proportional,87,-1.396250,0.000000,100
floor_0.3,proportional,88,-1.396250,0.000000,100
floor_0.3,proportional,89,-1.396250,0.000000,100
floor_0.3,proportional,90,-1.396250,0.000000,100
floor_0.3,proportional,91,-1.396250,0.000000,100
floor_0.3,proportional,92,-1.396250,0.000000,100
floor_0.3,proportional,93,-1.396250,0.000000,100
floor_0.3,proportional,94,-1.396250,0.000000,100
floor_0.3,proportional,95,-1.396250,0.000000,100
floor_0.3,proportional,96,-1.396250,0.000000,100
floor_0.3,proportional,97,-1.396250,0.000000,100
floor_0.3,proportional,98,-1.396250,0.000000,100
floor_0.3,proportional,99,-1.396250,0.000000,100
floor_0.3,proportional,100,-1.400000,0.000000,100
